,id,installed,latitude,locked,longitude,name,bikes_count,docks_count,nbEmptyDocks,temporary,terminal_name,install_date,removal_date
0,108,True,51.4981256,false,-0.1321021999999914,"Abbey Orchard Street, Westminster",11,29,18,False,3429,2010-07-14,
1,559,True,51.501391,false,-0.205991,"Abbotsbury Road, Holland Park",17,24,7,False,200111,,
2,394,True,51.524826,false,-0.176268,"Aberdeen Place, St. John's Wood",9,18,9,False,2698,,
3,554,True,51.513548,false,-0.005659,"Aberfeldy Street, Poplar",13,16,3,False,200078,,
4,583,True,51.49764,false,-0.12597218,"Abingdon Green, Westminster",9,20,10,False,200231,,
5,38,True,51.4973875,false,-0.197245586,"Abingdon Villas, Kensington",14,17,3,False,3442,2010-07-08,
6,505,True,51.520398,false,-0.026768,"Ackroyd Drive, Bow",28,29,0,False,200038,2012-01-30,
7,718,True,51.53571683,false,-0.060291813,"Ada Street, Hackney Central",27,45,18,False,300040,2013-11-20,
8,606,True,51.504199,false,-0.210941,"Addison Road, Holland Park",10,26,16,False,200218,,
9,616,True,51.48102131,false,-0.209973497,"Aintree Street, Fulham",13,24,10,False,200098,,
10,540,True,51.528302,false,-0.144466,"Albany Street, The Regent's Park",13,27,14,False,200134,,
11,710,True,51.47439218,false,-0.163347594,"Albert Bridge Road, Battersea Park",14,20,6,False,300045,2013-11-15,
12,100,True,51.49043573,false,-0.122806861,"Albert Embankment, Vauxhall",10,24,14,False,1059,2010-07-14,
13,483,True,51.51328,false,-0.047784,"Albert Gardens, Stepney",20,33,12,False,22166,2012-01-20,
14,303,True,51.50295379,false,-0.158456089,"Albert Gate, Hyde Park",21,34,11,False,1132,2010-07-22,
15,802,True,51.4765900593,false,-0.118256789081,"Albert Square, Stockwell",23,32,9,False,300209,2016-06-02,
16,185,True,51.48805753,false,-0.140741432,"Alderney Street, Pimlico",12,14,2,False,1174,2010-07-17,
17,95,True,51.5208417,false,-0.097340162,"Aldersgate Street, Barbican",3,15,12,False,1065,2010-07-14,
18,726,True,51.47505096,false,-0.150908371,"Alfreda Street, Battersea Park",22,22,0,False,300047,2013-11-22,
19,661,True,51.51632095,false,-0.202608612,"All Saints Church, Portobello",36,37,1,False,300023,2013-10-27,
20,643,True,51.5190427,false,-0.204764421,"All Saints' Road, Portobello",14,22,8,False,300026,2013-10-17,
21,826,True,51.496863,false,-0.1429434,"Allington Street, Victoria",22,28,6,False,300242,2017-07-20,
22,724,True,51.45799126,false,-0.184806157,"Alma Road, Wandsworth",9,28,19,False,300046,2013-11-22,
23,576,True,51.497304,false,-0.022793,"Alpha Grove, Millwall",23,23,0,False,200109,,
24,26,True,51.52728093,false,-0.11829517,"Ampton Street , Clerkenwell",18,21,2,False,1019,2010-07-06,
25,500,True,51.520019,false,-0.05438,"Ansell House, Stepney",3,41,38,False,200148,2012-01-24,
26,518,True,51.528224,false,-0.037471,"Antill Road, Mile End",22,30,8,False,200041,,
27,641,True,51.49824168,false,-0.117495865,"Archbishop's Park, Waterloo",6,23,17,False,300025,2013-10-16,
28,14,True,51.529416,false,-0.12394439999999918,"Argyle Street, Kings Cross",35,45,8,False,1011,2010-07-05,
29,168,True,51.50040123,false,-0.195455928,"Argyll Road, Kensington",5,19,14,False,3463,2010-07-16,
30,545,True,51.539957,false,-0.145246,"Arlington Road, Camden Town",17,24,6,False,200070,,
31,79,True,51.511726,false,-0.11385596,"Arundel Street, Temple",5,18,12,False,3455,2017-10-26,
32,670,True,51.46718562,false,-0.152248582,"Ashley Crescent, Battersea",18,28,10,False,200169,2013-10-31,
33,177,True,51.49616092,false,-0.140947636,"Ashley Place, Victoria",6,25,17,False,1122,2010-07-16,
34,654,True,51.48267821,false,-0.117661574,"Ashmole Estate, Oval",27,34,7,False,200223,2013-10-23,
35,461,True,51.516,false,-0.038775,"Aston Street, Stepney",19,26,5,True,200013,2012-01-11,
36,664,True,51.474376,false,-0.155442787,"Austin Road, Battersea Park",12,24,11,False,300013,2013-10-28,
37,715,True,51.51563007,false,-0.049067243,"Aylward Street, Stepney",22,22,0,False,300049,2013-11-19,
38,601,True,51.514767,false,-0.225787,"BBC White City, White City",9,36,27,False,200136,,
39,121,True,51.51891348,false,-0.156166631,"Baker Street, Marylebone",2,22,20,False,1086,2010-07-15,
40,319,True,51.52702563,false,-0.088542771,"Baldwin Street, St. Luke's",11,21,10,False,3500,2010-07-23,
41,520,True,51.526041,false,-0.047218,"Bancroft Road, Bethnal Green",16,21,4,False,200234,,
42,340,True,51.51444134,false,-0.087587447,"Bank of England Museum, Bank",0,16,16,False,1201,2010-07-27,
43,193,True,51.50581776,false,-0.100186337,"Bankside Mix, Bankside",19,60,41,False,963,2010-07-17,
44,275,True,51.52004497,false,-0.092176447,"Barbican Centre, Barbican",0,19,19,False,1191,2010-07-21,
45,707,True,51.49021762,false,-0.215087092,"Barons Court Station, West Kensington",15,32,16,False,200197,2013-11-14,
46,119,True,51.52589324,false,-0.090847761,"Bath Street, St. Luke's",10,18,8,False,964,2010-07-14,
47,700,True,51.47696496,false,-0.174347066,"Battersea Church Road, Battersea",13,25,11,False,200201,2013-11-13,
48,631,True,51.4795017,false,-0.141770709,"Battersea Park Road, Nine Elms",10,27,17,False,200183,2013-10-08,
49,821,True,51.4835074867,false,-0.147714557371,"Battersea Power Station, Battersea Park",17,27,9,False,300221,2017-02-17,
50,88,True,51.51858757,false,-0.132053392,"Bayley Street , Bloomsbury",1,25,23,False,1006,2010-07-13,
51,272,True,51.50144456,false,-0.110699309,"Baylis Road, Waterloo",2,22,20,False,1133,2010-07-21,
52,153,True,51.511933,false,-0.174411,"Bayswater Road, Hyde Park",23,27,4,False,1096,2010-07-15,
53,242,True,51.52200801,false,-0.151359288,"Beaumont Street, Marylebone",2,23,21,False,3482,2010-07-20,
54,287,True,51.52367314,false,-0.128377673,"Bedford Way, Bloomsbury",9,23,14,False,1156,2010-07-21,
55,699,True,51.5366541,false,-0.07023031,"Belford House, Haggerston",22,39,17,False,200057,2013-11-12,
56,268,True,51.49320445,false,-0.144132875,"Belgrave Road, Victoria",15,29,14,False,1087,2010-07-21,
57,181,True,51.49941247,false,-0.152317537,"Belgrave Square, Belgravia",10,21,11,False,3473,2010-07-16,
58,506,True,51.517475,false,-0.075855,"Bell Lane, Liverpool Street",14,23,9,False,200036,2012-01-30,
59,182,True,51.52202903,false,-0.165842551,"Bell Street , Marylebone",12,18,6,False,1166,2010-07-17,
60,273,True,51.50613324,false,-0.114686385,"Belvedere Road 1, South Bank",28,38,10,False,1186,2010-07-21,
61,819,True,51.50621,false,-0.114842,"Belvedere Road 2, South Bank",13,38,25,False,300246,2016-10-13,
62,845,True,51.497995,false,-0.063471392,"Bermondsey Station, Bermondsey",14,30,16,False,300253,2020-12-18,
63,321,True,51.49785559,false,-0.081608045,"Bermondsey Street, Bermondsey",20,24,4,False,2637,2010-07-23,
64,246,True,51.52285301,false,-0.099994052,"Berry Street, Clerkenwell",16,41,25,False,1159,2010-07-20,
65,686,True,51.48814438,false,-0.222456468,"Beryl Road, Hammersmith",4,26,22,False,200097,2013-11-07,
66,444,True,51.52568,false,-0.055312,"Bethnal Green Garden, Bethnal Green",20,24,4,False,200047,2012-01-07,
67,132,True,51.52364804,false,-0.074754872,"Bethnal Green Road, Shoreditch",4,38,34,False,973,2010-07-15,
68,807,True,51.5212,false,-0.208888173,"Bevington Road West, North Kensington",14,24,9,False,300236,2016-06-23,
69,772,True,51.47250956,false,-0.122831913,"Binfield Road, Stockwell",7,35,28,False,300015,2014-04-02,
70,798,True,51.5301998755,false,-0.122299440803,"Birkenhead Street, King's Cross",27,27,0,False,300212,2016-06-01,
71,681,True,51.47303687,false,-0.214749808,"Bishop's Avenue, Fulham",10,46,36,False,200043,2013-11-06,
72,592,True,51.5171,false,-0.18377,"Bishop's Bridge Road East, Bayswater",14,20,6,False,200108,,
73,568,True,51.51616,false,-0.18697,"Bishop's Bridge Road West, Bayswater",16,18,2,False,200110,,
74,307,True,51.50990837,false,-0.187842717,"Black Lion Gate, Kensington Gardens",8,24,16,False,1157,2010-07-22,
75,310,True,51.4908679,false,-0.116911864,"Black Prince Road, Vauxhall",18,19,1,False,1205,2010-07-23,
76,792,True,51.505461,false,-0.10454093,"Blackfriars Road, Southwark",10,42,32,False,300214,2016-02-08,
77,659,True,51.511934,false,-0.10307894,"Blackfriars Station, St. Paul's",1,35,32,False,200212,2013-10-25,
78,742,True,51.51510818,false,-0.208565479,"Blenheim Crescent, Ladbroke Grove",14,22,7,False,300090,2013-11-28,
79,657,True,51.49968,false,-0.221791551,"Blythe Road West, Shepherd's Bush",11,21,10,False,200220,2013-10-24,
80,525,True,51.496927,false,-0.21350087,"Blythe Road, Olympia",15,24,9,False,200153,2022-01-27,
81,28,True,51.52351808,false,-0.143613641,"Bolsover Street, Fitzrovia",5,19,14,False,1025,2010-07-07,
82,502,True,51.53341,false,-0.049591815,"Bonner Gate, Victoria Park",18,21,1,False,200241,2019-07-24,
83,462,True,51.541603,false,-0.138853,"Bonny Street, Camden Town",33,45,10,False,200105,2012-01-11,
84,125,True,51.50069491,false,-0.094524319,"Borough High Street, The Borough",3,21,18,False,996,2010-07-15,
85,92,True,51.49889832,false,-0.100440521,"Borough Road, Elephant & Castle",38,41,3,False,1082,2010-07-13,
86,45,True,51.522511,false,-0.162298,"Boston Place, Marylebone",20,26,6,False,1035,2010-07-09,
87,259,True,51.490959,false,-0.1532331,"Bourne Street, Belgravia",8,16,8,False,1180,2010-07-21,
88,27,True,51.51382102,false,-0.107927706,"Bouverie Street, Temple",4,33,29,False,1021,2010-07-07,
89,495,True,51.528169,false,-0.018703,"Bow Church Station, Bow",2,39,35,False,200252,2012-01-23,
90,498,True,51.527058,false,-0.025296,"Bow Road Station, Bow",17,42,25,False,200251,2012-01-24,
91,115,True,51.51423368,false,-0.073537654,"Braham Street, Aldgate",2,34,32,False,1062,2010-07-14,
92,219,True,51.49016361,false,-0.19039362,"Bramham Gardens, Earl's Court",20,29,7,False,1183,2010-07-19,
93,850,True,51.489102,false,-0.0915489,"Brandon Street, Walworth",8,22,13,False,300060,,
94,84,True,51.51593725,false,-0.111778348,"Breams Buildings, Holborn",0,25,25,False,3449,2010-07-13,
95,399,True,51.52261762,false,-0.071653961,"Brick Lane Market, Shoreditch",22,24,1,False,2687,2011-03-08,
96,94,True,51.49506109,false,-0.085814489,"Bricklayers Arms, Borough",13,28,14,False,1070,2010-07-13,
97,730,True,51.49208492,false,-0.229116862,"Bridge Avenue, Hammersmith",16,18,2,False,300082,2013-11-22,
98,24,True,51.51908011,false,-0.124678402,"British Museum, Bloomsbury",9,35,26,False,981,2010-07-06,
99,6,True,51.51811784,false,-0.144228881,"Broadcasting House, Marylebone",1,18,17,False,3424,2010-07-04,
100,759,True,51.52456169,false,-0.165668686,"Broadley Terrace, Marylebone",7,18,8,False,300072,2014-01-13,
101,260,True,51.5136846,false,-0.135580879,"Broadwick Street, Soho",6,18,12,False,3489,2010-07-21,
102,484,True,51.528828,false,-0.013258,"Bromley High Street, Bow",13,24,11,False,22172,2012-01-23,
103,634,True,51.49434708,false,-0.215804559,"Brook Green South, Brook Green",28,33,5,False,300002,2013-10-14,
104,656,True,51.46841875,false,-0.199135704,"Broomhouse Lane, Parsons Green",26,29,3,False,200040,2013-10-24,
105,11,True,51.52395143,false,-0.122502346,"Brunswick Square, Bloomsbury",1,24,22,False,1022,2010-07-05,
106,251,True,51.518908,false,-0.079249,"Brushfield Street, Liverpool Street",0,34,34,False,1161,2010-07-21,
107,44,True,51.51073687,false,-0.144165239,"Bruton Street, Mayfair",4,21,17,False,1034,2010-07-09,
108,646,True,51.49886563,false,-0.137424571,"Buckingham Gate, Westminster",3,16,12,False,200178,2013-10-18,
109,331,True,51.52085887,false,-0.089887855,"Bunhill Row, Moorgate",0,30,30,False,1211,2010-07-26,
110,460,True,51.516196,false,-0.029138,"Burdett Road, Mile End",23,33,9,False,200123,2012-01-11,
111,846,True,51.48224,false,-0.0942844,"Burgess Park Albany Road, Walworth",29,30,1,False,300063,2022-08-06,
112,562,True,51.51742,false,-0.12318999999999392,"Bury Place, Holborn",5,21,15,False,200074,2012-02-29,
113,359,True,51.49782999,false,-0.135440826,"Butler Place, Westminster",5,18,11,False,2662,2010-11-05,
114,390,True,51.521776,false,-0.068856,"Buxton Street 1, Shoreditch",31,41,9,False,1223,2011-02-15,
115,692,True,51.54211855,false,-0.028941601,"Cadogan Close, Victoria Park",14,22,7,False,200112,2013-11-11,
116,395,True,51.492462,false,-0.159919,"Cadogan Gardens, Chelsea",5,15,7,False,2695,2011-02-28,
117,211,True,51.49464523,false,-0.158105512,"Cadogan Place, Knightsbridge",2,34,32,False,3469,2010-07-19,
118,603,True,51.477839,false,-0.116493,"Caldwell Street, Stockwell",29,44,15,False,200137,,
119,70,True,51.53136059,false,-0.117069978,"Calshot Street , King's Cross",20,24,4,False,1066,2010-07-11,
120,212,True,51.50658458,false,-0.199004026,"Campden Hill Road, Notting Hill",14,17,3,False,3487,2010-07-19,
121,844,True,51.498439,false,-0.049150215,"Canada Water Station, Rotherhithe",12,35,21,False,300252,2020-12-18,
122,487,True,51.511811,false,-0.025626,"Canton Street, Poplar",19,23,4,False,22175,2012-01-30,
123,468,True,51.521564,false,-0.022694,"Cantrell Road, Bow",10,24,13,False,200150,2012-01-12,
124,232,True,51.51501025,false,-0.112753217,"Carey Street, Holborn",0,16,16,False,1139,2010-07-20,
125,674,True,51.53546778,false,-0.11619105,"Carnegie Street, King's Cross",29,40,11,False,300035,,
126,16,True,51.52635795,false,-0.125979294,"Cartwright Gardens , Bloomsbury",17,21,4,False,1010,2010-07-05,
127,457,True,51.542138,false,-0.145393,"Castlehaven Road, Camden Town",11,29,17,False,200016,2012-01-10,
128,33,True,51.515231,false,-0.07015,"Central House, Aldgate",18,18,0,False,3430,2010-07-07,
129,501,True,51.522561,false,-0.054883,"Cephas Street, Bethnal Green",23,24,0,False,200073,2012-01-24,
130,254,True,51.53051587,false,-0.106408455,"Chadwell Street, Angel",16,18,2,False,3471,2010-07-21,
131,82,True,51.514274,false,-0.111257,"Chancery Lane, Holborn",1,15,14,False,3453,2010-07-13,
132,141,True,51.51530805,false,-0.147203711,"Chapel Place, Marylebone",4,29,24,False,1003,2010-07-15,
133,696,True,51.48728535,false,-0.217995921,"Charing Cross Hospital, Hammersmith",9,21,11,False,300018,2013-11-11,
134,7,True,51.53430039,false,-0.1680743,"Charlbert Street, St. John's Wood",12,16,4,False,3422,2010-07-04,
135,226,True,51.50844614,false,-0.131961389,"Charles II Street, West End",10,24,14,False,3488,2010-07-20,
136,381,True,51.51953043,false,-0.13577731,"Charlotte Street, Fitzrovia",5,14,9,False,2669,2011-01-28,
137,697,True,51.53639219,false,-0.112721065,"Charlotte Terrace, Angel",22,25,3,False,200129,2013-11-12,
138,427,True,51.51397065,false,-0.09294031,"Cheapside, Bank",1,43,42,False,22180,2011-07-15,
139,419,True,51.485821,false,-0.149004,"Chelsea Bridge, Pimlico",7,15,8,False,22160,2011-06-22,
140,220,True,51.49066456,false,-0.166485083,"Chelsea Green, Chelsea",12,15,3,False,1179,2010-07-19,
141,151,True,51.51213691,false,-0.201554966,"Chepstow Villas, Notting Hill",8,26,18,False,1120,2010-07-15,
142,445,True,51.52388,false,-0.065076,"Cheshire Street, Bethnal Green",23,28,5,False,200003,2012-01-07,
143,727,True,51.47569809,false,-0.20587627,"Chesilton Road, Fulham",10,23,13,False,300054,2013-11-22,
144,672,True,51.502698,false,-0.1167474,"Chicheley Street, South Bank",19,24,5,False,200206,2013-10-31,
145,516,True,51.5112,false,-0.014438,"Chrisp Street Market, Poplar",16,18,2,False,200089,2012-02-02,
146,489,True,51.513074,false,-0.064094,"Christian Street, Whitechapel",26,34,8,False,22177,2012-01-20,
147,3,True,51.52128377,false,-0.084605692,"Christopher Street, Liverpool Street",0,32,32,False,1012,2010-07-04,
148,365,True,51.530344,false,-0.100168,"City Road, Angel",46,47,0,False,2690,2010-11-24,
149,768,True,51.46134382,false,-0.159322467,"Clapham Common North Side, Clapham Common",25,37,11,False,300065,2014-02-27,
150,355,True,51.461388,false,-0.13922146,"Clapham Common Station, Clapham Common",12,21,9,False,2694,2010-10-22,
151,814,True,51.4714330677,false,-0.123670735702,"Clapham Road, Lingham Street, Stockwell",2,30,28,False,300245,2016-06-02,
152,753,True,51.452997,false,-0.1486519000000044,"Clapham South, Clapham South",14,28,14,False,300006,2013-12-06,
153,189,True,51.53166681,false,-0.109914711,"Claremont Square, Angel",5,18,12,False,1104,2010-07-17,
154,630,True,51.47073264,false,-0.126994068,"Clarence Walk, Stockwell",16,28,12,False,200194,2013-10-11,
155,663,True,51.51323001,false,-0.211593602,"Clarendon Road, Avondale",14,24,10,False,200124,2013-10-27,
156,528,True,51.507326,false,-0.145827,"Clarges Street, Mayfair",5,16,11,False,200088,2012-02-09,
157,507,True,51.528692,false,-0.059091,"Clarkson Street, Bethnal Green",31,31,0,False,200131,2012-01-30,
158,291,True,51.48483991,false,-0.138089062,"Claverton Street, Pimlico",26,32,6,False,1135,2010-07-22,
159,412,True,51.488105,false,-0.110121,"Cleaver Street, Kennington",17,17,0,False,10628,2011-04-05,
160,687,True,51.4954,false,-0.061698585,"Clements Road, Bermondsey",19,23,4,False,200216,2013-11-07,
161,135,True,51.52326004,false,-0.104708922,"Clerkenwell Green, Clerkenwell",19,21,0,False,1053,2010-07-15,
162,164,True,51.515607,false,-0.183118788,"Cleveland Gardens, Bayswater",9,16,7,False,1178,2010-07-16,
163,503,True,51.520893,false,-0.051394,"Cleveland Way, Stepney",33,36,1,False,200250,2012-01-25,
164,391,True,51.51066202,false,-0.142345694,"Clifford Street, Mayfair",1,17,16,False,2688,2011-02-17,2018-10-18
165,255,True,51.52557531,false,-0.179592915,"Clifton Road, Maida Vale",18,22,3,False,1147,2010-07-21,
166,323,True,51.523196,false,-0.083067,"Clifton Street, Shoreditch",6,24,18,False,3501,2010-07-23,
167,522,True,51.525941,false,-0.036017,"Clinton Road, Mile End",34,36,2,False,200161,,
168,93,True,51.53440868,false,-0.109025404,"Cloudesley Road, Angel",28,37,8,False,2586,2010-07-13,
169,608,True,51.491093,false,-0.216493,"Colet Gardens, Hammersmith",28,30,2,False,200224,,
170,171,True,51.4916156,false,-0.186753859,"Collingham Gardens, Earl's Court",12,14,2,False,3459,2010-07-16,
171,240,True,51.50545935,false,-0.10569204,"Colombo Street, Southwark",0,0,0,False,3472,2010-07-20,
172,401,True,51.528187,false,-0.075375,"Columbia Road, Shoreditch",24,24,0,False,2701,2011-03-08,
173,40,True,51.52127071,false,-0.0755789,"Commercial Street, Shoreditch",4,16,11,False,1083,2010-07-08,
174,334,True,51.505044,false,-0.115851,"Concert Hall Approach 1, South Bank",5,10,5,False,2635,2010-07-26,
175,336,True,51.504942,false,-0.115533,"Concert Hall Approach 2, South Bank",15,18,3,False,1212,2010-07-26,
176,852,True,51.4835707,false,-0.2020387000000028,"Coomer Place, West Kensington",20,27,7,False,200081,,
177,788,True,51.544909,false,-0.0205426,"Copper Box Arena, Queen Elizabeth Olympic Park",11,31,19,False,300226,2016-01-04,
178,796,True,51.524,false,-0.12640984,"Coram Street, Bloomsbury",21,29,8,False,300201,2016-02-29,
179,62,True,51.4907579,false,-0.106323685,"Cotton Garden Estate, Kennington",19,24,5,False,990,2010-07-10,
180,624,True,51.4729184,false,-0.132102704,"Courland Grove, Wandsworth Road",21,40,18,False,200173,2013-10-08,
181,655,True,51.48294452,false,-0.219346128,"Crabtree Lane, Fulham",14,27,13,False,200221,2013-10-24,
182,827,True,51.479601,false,-0.11147178,"Cranmer Road, Stockwell",20,24,3,False,300247,2018-02-05,
183,341,True,51.50810309,false,-0.12602103,"Craven Street, Strand",13,23,9,False,1160,2010-07-27,
184,43,True,51.52026,false,-0.157183945,"Crawford Street, Marylebone",7,18,8,False,1036,2010-07-09,
185,849,True,51.495598,false,-0.078893,"Crimscott Street, Bermondsey",4,19,14,False,300061,,
186,431,True,51.534474,false,-0.122203,"Crinan Street, King's Cross",16,20,4,False,22183,2011-12-08,
187,682,True,51.48810829,false,-0.22660621,"Crisp Road, Hammersmith",4,46,42,False,200059,2013-11-06,
188,793,True,51.528279,false,-0.11955857,"Cromer Street, Bloomsbury",27,28,1,False,300205,2016-03-31,
189,104,True,51.51159481,false,-0.077121322,"Crosswall, Tower",18,34,13,False,991,2010-07-14,
190,750,True,51.4710956,false,-0.157850096,"Culvert Road, Battersea",18,27,9,False,300080,2013-12-05,
191,298,True,51.50227992,false,-0.074189225,"Curlew Street, Shad Thames",12,21,9,False,1213,2010-07-22,
192,49,True,51.50706909,false,-0.145904427,"Curzon Street, Mayfair",3,16,13,False,3437,2010-07-10,
193,610,True,51.48256792,false,-0.172078187,"Danvers Street, West Chelsea",4,21,17,False,200222,2013-09-25,
194,36,True,51.50173726,false,-0.184980612,"De Vere Gardens, Kensington",13,28,14,False,3446,2010-07-07,
195,209,True,51.49358391,false,-0.165101392,"Denyer Street, Knightsbridge",14,30,15,False,3454,2010-07-19,
196,133,True,51.50136494,false,-0.191462381,"Derry Street, Kensington",9,18,7,False,3436,2010-07-15,
197,496,True,51.52512,false,-0.015578,"Devons Road, Bow",30,39,7,False,200255,2012-01-24,
198,397,True,51.51348,false,-0.17977,"Devonshire Terrace, Bayswater",10,16,5,False,1227,2011-03-02,
199,317,True,51.49679128,false,-0.093913472,"Dickens Square, Borough",26,32,6,False,1208,2010-07-23,
200,708,True,51.4616107,false,-0.2161458,"Disraeli Road, Putney",6,33,27,False,200217,2013-11-15,
201,237,True,51.5097860151,false,-0.0681619805156,"Dock Street, Wapping",26,30,3,False,3467,2010-07-22,
202,580,True,51.48692917,false,-0.102996299,"Doddington Grove, Kennington",21,36,15,False,200084,2014-02-12,
203,25,True,51.5288338,false,-0.132250369,"Doric Way , Somers Town",47,50,2,False,1004,2010-07-06,
204,683,True,51.46506424,false,-0.163750945,"Dorothy Road, Clapham Junction",6,28,22,False,200119,2013-11-06,
205,201,True,51.5225965,false,-0.161113413,"Dorset Square, Marylebone",11,16,4,False,1162,2010-07-18,
206,589,True,51.487196,false,-0.179369,"Drayton Gardens, West Chelsea",4,18,14,False,200060,,
207,521,True,51.534137,false,-0.037366,"Driffield Road, Old Ford",10,19,9,False,200030,,
208,20,True,51.527326,false,-0.13605286,"Drummond Street , Euston",27,28,1,False,993,2018-12-13,
209,18,True,51.51477076,false,-0.12221963,"Drury Lane, Covent Garden",0,27,27,False,1007,2010-07-06,
210,732,True,51.50630441,false,-0.087262995,"Duke Street Hill, London Bridge",2,21,18,False,300083,2013-11-26,
211,717,True,51.53658514,false,-0.075885686,"Dunston Road , Haggerston",35,43,7,False,300024,2013-11-20,
212,702,True,51.52868155,false,-0.065550321,"Durant Street, Bethnal Green",23,24,0,False,200213,2013-11-13,
213,574,True,51.53356,false,-0.09315,"Eagle Wharf Road, Hoxton",39,45,5,False,200246,2012-04-05,
214,244,True,51.51611887,false,-0.128585022,"Earnshaw Street , Covent Garden",8,18,9,False,1145,2010-07-20,
215,455,True,51.49447,false,-0.014409,"East Ferry Road, Cubitt Town",8,17,9,False,200031,2012-01-09,
216,547,True,51.509474,false,-0.002275,"East India DLR, Blackwall",23,51,28,False,200127,,
217,50,True,51.52867339,false,-0.087459376,"East Road, Hoxton",18,27,8,False,1054,2010-07-10,
218,784,True,51.546326,false,-0.00993526,"East Village, Queen Elizabeth Olympic Park",11,34,23,False,300200,2016-01-14,
219,330,True,51.51641749,false,-0.179135079,"Eastbourne Mews, Paddington",30,34,4,False,1203,2010-07-26,
220,423,True,51.49456127,false,-0.15393398,"Eaton Square (South), Belgravia",17,31,14,True,22164,2011-07-05,
221,424,True,51.490491,false,-0.149186,"Ebury Bridge, Pimlico",17,29,12,False,22159,2011-12-22,
222,167,True,51.49395092,false,-0.147624377,"Eccleston Place, Victoria",14,19,5,False,3465,,
223,410,True,51.519968,false,-0.169774,"Edgware Road Station, Marylebone",55,64,9,False,1058,,
224,618,True,51.47625965,false,-0.193254007,"Eel Brook Common, Walham Green",21,24,3,False,300003,2013-09-30,
225,760,True,51.524309,false,-0.20123459999999227,"Elgin Avenue, Maida Hill",5,18,12,False,300071,2014-01-21,
226,288,True,51.49236962,false,-0.147478734,"Elizabeth Bridge, Victoria",32,34,2,False,1138,2010-07-22,
227,617,True,51.47107905,false,-0.207842908,"Elysium Place, Fulham",5,21,16,False,200028,2013-09-30,
228,309,True,51.50963123,false,-0.119047563,"Embankment (Savoy), Strand",13,41,28,False,1192,2010-07-23,
229,128,True,51.49536226,false,-0.185296516,"Emperor's Gate, South Kensington",9,22,13,False,1116,2010-07-15,
230,269,True,51.50082346,false,-0.089740764,"Empire Square, The Borough",43,46,3,False,1209,2010-07-21,
231,214,True,51.52683806,false,-0.130504336,"Endsleigh Gardens, Euston",27,32,4,False,1079,2010-07-19,
232,691,True,51.47946386,false,-0.195777222,"Erin Close, Walham Green",7,24,17,False,200184,2013-11-18,
233,678,True,51.46231278,false,-0.211468596,"Esmond Street, Putney",9,30,21,False,200170,2013-11-05,
234,658,True,51.47729232,false,-0.16478637,"Ethelburga Estate, Battersea Park",17,30,13,False,300005,2013-11-06,
235,69,True,51.5262363,false,-0.134407652,"Euston Road, Euston",19,24,5,False,983,2010-07-11,
236,795,True,51.527068,false,-0.13186102,"Euston Square Gardens, Euston",29,30,1,False,300203,2016-02-29,
237,711,True,51.48335692,false,-0.216305546,"Everington Street, Fulham",15,31,16,False,300028,2013-11-18,
238,131,True,51.53300545,false,-0.136792671,"Eversholt Street , Camden Town",16,16,0,False,1005,2010-07-15,
239,652,True,51.51148696,false,-0.218190203,"Evesham Street, Avondale",26,29,3,False,300022,2013-10-15,
240,432,True,51.496468,false,-0.17379696,"Exhibition Road Museums 1, South Kensington",0,13,13,False,22158,2011-10-24,
241,482,True,51.495947,false,-0.17368958,"Exhibition Road Museums 2, South Kensington",6,14,8,False,200052,2012-01-19,
242,428,True,51.499917,false,-0.174554,"Exhibition Road, Knightsbridge",1,20,19,False,22179,2011-10-13,
243,638,True,51.46663393,false,-0.169821175,"Falcon Road, Clapham Junction",13,28,13,False,300014,2013-10-15,
244,96,True,51.53095071,false,-0.078505384,"Falkirk Street, Hoxton",20,26,6,False,1047,2010-07-14,
245,31,True,51.52953709,false,-0.083353323,"Fanshaw Street, Hoxton",14,36,22,False,3427,2010-07-07,
246,382,True,51.50935171,false,-0.14744969,"Farm Street, Mayfair",2,15,13,False,2678,2011-02-08,
247,72,True,51.52352001,false,-0.108340165,"Farringdon Lane, Clerkenwell",15,16,0,False,3432,2010-06-19,
248,835,True,51.516785,false,-0.10494775,"Farringdon Street, Holborn",0,25,25,False,300220,,
249,236,True,51.51838043,false,-0.073438925,"Fashion Street, Whitechapel",11,30,18,False,3483,2010-07-20,
250,642,True,51.46916161,false,-0.174485792,"Fawcett Close, Battersea",15,36,21,False,200192,2013-10-16,
251,693,True,51.464786,false,-0.215618902,"Felsham Road, Putney",11,18,7,False,300019,2013-11-09,
252,832,True,51.464019,false,-0.11578197,"Ferndale Road, Brixton",12,30,18,False,200240,2018-02-07,
253,615,True,51.4768851,false,-0.215895601,"Finlay Street, Fulham",23,24,1,False,200029,2013-09-27,
254,722,True,51.52458353,false,-0.058631453,"Finnis Street, Bethnal Green",18,19,1,False,300041,2013-11-21,
255,55,True,51.51707521,false,-0.086685542,"Finsbury Circus, Liverpool Street",1,33,32,False,984,2010-07-10,
256,107,True,51.52600832,false,-0.096317627,"Finsbury Leisure Centre, St. Luke's",17,20,3,False,1049,2010-07-14,
257,51,True,51.52671796,false,-0.104298194,"Finsbury Library , Finsbury",29,29,0,False,986,2010-07-10,
258,140,True,51.52096262,false,-0.085634242,"Finsbury Square , Moorgate",0,33,29,False,1056,2010-07-15,
259,387,True,51.49369988,false,-0.121394101,"Fire Brigade Pier, Vauxhall",9,30,21,False,2703,2011-02-07,
260,448,True,51.50623,false,-0.02296,"Fisherman's Walk West, Canary Wharf",17,36,18,False,22165,2012-01-07,
261,480,True,51.5128711,false,-0.0389866,"Flamborough Street, Limehouse",24,25,0,False,200115,2012-01-19,
262,345,True,51.48802358,false,-0.166878535,"Flood Street, Chelsea",14,33,19,False,1218,2010-07-27,
263,311,True,51.51918144,false,-0.140485596,"Foley Street, Fitzrovia",1,24,23,False,3494,2010-07-23,
264,517,True,51.532513,false,-0.033085,"Ford Road, Old Ford",14,18,4,False,200027,2012-01-17,
265,509,True,51.517842,false,-0.090075,"Fore Street Avenue, Guildhall",0,19,19,False,200253,2012-01-30,
266,838,True,51.518093,false,-0.0914017,"Fore Street, Guildhall",0,25,24,False,300222,2018-10-11,
267,508,True,51.519362,false,-0.074431,"Fournier Street, Whitechapel",7,18,11,False,200157,2012-01-30,
268,238,True,51.5233534,false,-0.175116099,"Frampton Street, Paddington",29,32,3,False,1099,2010-07-20,
269,741,True,51.5129814,false,-0.219486603,"Freston Road, Avondale",13,23,10,False,300085,2013-11-28,
270,383,True,51.51310333,false,-0.13121385,"Frith Street, Soho",10,18,7,False,2660,2011-02-02,
271,737,True,51.47993289,false,-0.19411695,"Fulham Broadway, Walham Green",9,26,17,False,300086,2013-11-27,
272,597,True,51.473471,false,-0.20782,"Fulham Park Road, Fulham",20,27,6,False,200229,,
273,499,True,51.519265,false,-0.021345,"Furze Green, Bow",29,36,6,False,200011,2012-01-24,
274,453,True,51.508447,false,-0.055167,"Garnet Street, Shadwell",23,24,1,False,200045,2012-01-09,
275,834,True,51.477966,false,-0.14785703,"Gas Holders, Battersea Park",14,26,12,False,300216,2018-06-19,
276,474,True,51.541515,false,-0.038557746,"Gascoyne Road, Victoria Park",17,20,2,False,200155,2012-01-17,
277,808,True,51.464995,false,-0.13090885,"Gauden Road, Clapham",10,28,12,False,300207,2016-04-27,
278,549,True,51.49605,false,-0.104193,"Gaywood  Street, Elephant & Castle",24,45,20,False,200132,,
279,403,True,51.51689296,false,-0.158249929,"George Place Mews, Marylebone",3,16,13,False,10630,2011-03-08,
280,840,True,51.498585,false,-0.068981764,"George Row, Bermondsey",12,22,9,False,2679,2020-09-10,
281,400,True,51.517703,false,-0.154106,"George Street, Marylebone",9,27,18,False,1225,2011-03-08,
282,297,True,51.49612799,false,-0.106000855,"Geraldine Street, Elephant & Castle",13,17,4,False,3498,2010-07-22,
283,577,True,51.528869,false,-0.047548,"Globe Town Market, Bethnal Green",19,20,1,False,200247,,
284,535,True,51.537349,false,-0.147154,"Gloucester Avenue, Camden Town",19,24,4,False,200145,,
285,113,True,51.49646288,false,-0.183289032,"Gloucester Road (Central), South Kensington",7,19,12,False,3435,2010-07-14,
286,97,True,51.49792478,false,-0.183834706,"Gloucester Road (North), Kensington",2,18,15,False,3447,2010-07-14,
287,405,True,51.49418566,false,-0.18267094,"Gloucester Road Station, South Kensington",8,15,7,False,1107,2011-03-09,
288,243,True,51.49096258,false,-0.139625122,"Gloucester Street, Pimlico",10,25,13,False,1103,2010-07-20,
289,176,True,51.51791921,false,-0.188098863,"Gloucester Terrace, Bayswater",14,23,9,False,1173,2010-07-16,
290,48,True,51.51248445,false,-0.099141408,"Godliman Street, St. Paul's",9,25,14,False,971,2010-07-10,
291,54,True,51.52174785,false,-0.094475072,"Golden Lane, Barbican",12,27,15,False,967,2010-07-10,
292,129,True,51.5118973,false,-0.137043852,"Golden Square, Soho",4,18,14,False,3451,2010-07-15,
293,534,True,51.531864,false,-0.066035,"Goldsmith's Row, Haggerston",24,27,3,False,200159,,
294,804,True,51.5346677396,false,-0.125078652873,"Good's Way, King's Cross",23,27,4,False,300243,2016-03-31,
295,344,True,51.528246,false,-0.10102611,"Goswell Road (City Uni), Finsbury",16,17,0,False,1222,2010-07-27,
296,65,True,51.52522753,false,-0.13518856,"Gower Place , Euston",3,17,14,False,969,2010-07-11,
297,53,True,51.5099923,false,-0.143495266,"Grafton Street, Mayfair",2,18,16,False,3431,2010-07-10,
298,326,True,51.53266186,false,-0.099981142,"Graham Street, Angel",24,26,2,False,1131,2010-07-23,
299,486,True,51.525645,false,-0.069543,"Granby Street, Shoreditch",37,37,0,False,22174,2012-01-23,
300,735,True,51.46489445,false,-0.17302926,"Grant Road East, Clapham Junction",11,28,17,False,200120,2013-11-25,
301,61,True,51.49738251,false,-0.089446947,"Great Dover Street, The Borough",16,33,17,False,1017,2010-07-10,
302,227,True,51.52891573,false,-0.115480888,"Great Percy Street, Clerkenwell",20,23,2,False,3470,2010-07-20,
303,15,True,51.51772703,false,-0.127854211,"Great Russell Street, Bloomsbury",8,26,18,False,988,2010-07-05,
304,645,True,51.50173215,false,-0.100292412,"Great Suffolk Street, The Borough",9,21,12,False,200200,2013-10-18,
305,81,True,51.52025302,false,-0.141327271,"Great Titchfield Street, Fitzrovia",3,19,16,False,3450,2010-07-13,
306,199,True,51.51048489,false,-0.082989638,"Great Tower Street, Monument",3,24,20,False,1080,2010-07-18,
307,541,True,51.506613,false,-0.142844,"Green Park Station, Mayfair",6,28,22,False,200096,,
308,138,True,51.51227622,false,-0.157436972,"Green Street, Mayfair",6,19,13,False,3464,2010-07-15,
309,590,True,51.53256,false,-0.16862,"Greenberry Street, St.John's Wood",20,26,6,False,200236,,
310,572,True,51.539099,false,-0.141728,"Greenland Road, Camden Town",20,36,16,False,200026,,
311,754,True,51.5129006,false,-0.214762686,"Grenfell Road, Avondale",21,24,3,False,300067,2014-01-06,
312,353,True,51.49459148,false,-0.134234258,"Greycoat Street , Westminster",9,17,8,False,10623,2010-10-21,
313,635,True,51.48606206,false,-0.214428378,"Greyhound Road, Hammersmith",19,37,18,False,200215,2013-10-14,
314,207,True,51.50135267,false,-0.153194766,"Grosvenor Crescent, Belgravia",9,18,9,False,1169,2010-07-19,
315,245,True,51.4853572,false,-0.142207481,"Grosvenor Road, Pimlico",21,29,7,False,1140,2010-07-20,
316,348,True,51.51217033,false,-0.150481272,"Grosvenor Square, Mayfair",0,17,17,False,10627,2010-09-15,
317,312,True,51.53088935,false,-0.176770502,"Grove End Road, St. John's Wood",15,20,5,False,1130,2010-07-23,
318,161,True,51.49234577,false,-0.141334487,"Guildhouse Street, Victoria",10,16,5,False,3478,2010-07-16,
319,57,True,51.52334672,false,-0.120202614,"Guilford Street , Bloomsbury",9,32,22,False,974,2010-07-10,
320,459,True,51.535179,false,-0.03338,"Gunmakers Lane, Old Ford",10,17,7,False,200014,,
321,770,True,51.491026,false,-0.209121,"Gwendwr Road, West Kensington",11,30,19,False,300097,2014-03-06,
322,749,True,51.53932857,false,-0.074284675,"Haggerston Road, Haggerston",21,37,16,False,300081,2013-12-04,
323,782,True,51.483911,false,-0.19760944,"Halford Road, West Kensington",18,24,6,False,300210,2015-11-02,
324,595,True,51.493267,false,-0.21985,"Hammersmith Road, Hammersmith",7,22,15,False,200142,,
325,98,True,51.52554222,false,-0.138231303,"Hampstead Road, Euston",49,54,4,False,972,2010-07-14,
326,152,True,51.49217002,false,-0.101536865,"Hampton Street, Walworth",5,21,16,False,1118,2010-07-15,
327,806,True,51.5372405623,false,-0.124807385707,"Handyside Street, King's Cross",21,27,6,False,300241,2016-09-01,
328,527,True,51.503802,false,-0.215808,"Hansard Mews, Holland Park",20,20,0,False,200154,2012-02-09,
329,757,True,51.48795853,false,-0.187404506,"Harcourt Terrace, West Brompton",24,24,0,False,300069,2014-01-07,
330,170,True,51.5278427,false,-0.1080682,"Hardwick Street, Clerkenwell",23,30,6,False,1057,2010-07-16,
331,550,True,51.521564,false,-0.039264,"Harford Street, Mile End",19,23,4,False,200102,,
332,249,True,51.49859784,false,-0.096191134,"Harper Road, The Borough",30,42,12,False,1137,2010-07-20,
333,368,True,51.50024195,false,-0.15934065,"Harriet Street, Knightsbridge",14,25,11,False,2681,2010-12-01,
334,90,True,51.53301907,false,-0.139174593,"Harrington Square 1, Camden Town",27,27,0,False,1038,2010-07-13,
335,666,True,51.492668,false,-0.072350665,"Harris Academy, Bermondsey",13,18,5,False,300004,2013-10-29,
336,367,True,51.5173721,false,-0.1642075,"Harrowby Street, Marylebone",9,16,6,False,2680,,
337,676,True,51.47787084,false,-0.126874471,"Hartington Road, Stockwell",13,35,22,False,200207,2013-11-04,
338,67,True,51.51882555,false,-0.108028472,"Hatton Garden, Holborn",0,28,28,False,985,2010-07-11,
339,17,True,51.5216612,false,-0.109006325,"Hatton Wall, Holborn",6,26,20,False,1008,2010-07-06,
340,713,True,51.54100708,false,-0.14326094,"Hawley Crescent, Camden Town",15,22,7,False,200122,2013-11-18,
341,677,True,51.46866929,false,-0.146544642,"Heath Road, Battersea",20,27,7,False,200023,2013-11-03,
342,812,True,51.5487311915,false,-0.0226065549321,"Here East North, Queen Elizabeth Olympic Park",14,28,14,False,300217,2016-07-20,
343,816,True,51.5465327935,false,-0.0205975904647,"Here East South, Queen Elizabeth Olympic Park",14,28,14,False,300219,2017-03-09,
344,29,True,51.513735,false,-0.193487,"Hereford Road, Bayswater",12,22,10,False,1016,2010-07-07,
345,451,True,51.504719,false,-0.063531,"Hermitage Court, Wapping",16,16,0,False,200021,2012-01-02,
346,556,True,51.502661,false,-0.021596,"Heron Quays DLR, Canary Wharf",2,27,25,False,200138,,
347,748,True,51.53727795,false,-0.079201849,"Hertford Road, De Beauvoir Town",25,25,0,False,300092,2013-12-04,
348,471,True,51.533283,false,-0.028155,"Hewison Street, Old Ford",18,19,1,False,200006,2012-01-17,
349,673,True,51.46517078,false,-0.18038939,"Hibbert Street, Battersea",23,36,11,False,300051,2013-11-01,
350,358,True,51.516226,false,-0.124826,"High Holborn , Covent Garden",3,20,17,False,1229,2010-11-18,
351,210,True,51.51681444,false,-0.151926305,"Hinde Street, Marylebone",3,21,18,False,3476,2010-07-19,
352,66,True,51.51795029,false,-0.108657431,"Holborn Circus, Holborn",0,40,40,False,982,2010-07-11,
353,627,True,51.4687905,false,-0.158230901,"Holden Street, Battersea",16,20,4,False,200007,2013-10-16,
354,398,True,51.502319,false,-0.200742,"Holland Park, Kensington",20,30,10,False,10631,2011-03-02,
355,578,True,51.527607,false,-0.057133,"Hollybush Gardens, Bethnal Green",32,32,0,False,200244,2012-02-28,
356,150,True,51.49705603,false,-0.168917077,"Holy Trinity Brompton, Knightsbridge",8,28,20,False,1002,2010-07-15,
357,194,True,51.50462759,false,-0.091773776,"Hop Exchange, The Borough",31,56,24,False,960,2010-07-17,
358,221,True,51.49481649,false,-0.13045856,"Horseferry Road, Westminster",2,16,13,False,1170,2010-07-19,
359,739,True,51.48176572,false,-0.185273723,"Hortensia Road, West Brompton",14,28,14,False,300091,2013-11-28,
360,256,True,51.51362054,false,-0.116764211,"Houghton Street, Strand",0,15,15,False,3484,2010-07-21,
361,779,True,51.514449,false,-0.077178979,"Houndsditch, Aldgate",2,28,25,False,200072,2015-06-26,
362,360,True,51.49675303,false,-0.138733562,"Howick Place, Westminster",14,27,13,False,2666,2010-11-05,
363,357,True,51.520994,false,-0.139016,"Howland Street, Fitzrovia",7,30,22,False,2691,2010-10-26,
364,539,True,51.531091,false,-0.075901,"Hoxton Station, Hoxton",22,22,0,False,200151,,
365,588,True,51.52959,false,-0.0801,"Hoxton Street, Hoxton",25,27,2,False,200071,2012-03-05,
366,761,True,51.48321729,false,-0.211860644,"Humbolt Road, Fulham",13,26,13,False,300068,2014-01-15,
367,774,True,51.470131,false,-0.20464,"Hurlingham Park, Parsons Green",19,20,1,False,300098,2014-03-31,
368,191,True,51.50311799,false,-0.153520935,"Hyde Park Corner, Hyde Park",13,36,22,False,1075,2010-07-17,
369,584,True,51.51244,false,-0.19096,"Ilchester Gardens, Bayswater",4,21,16,False,200086,,
370,145,True,51.50074359,false,-0.202759212,"Ilchester Place, Kensington",12,24,12,False,1115,2010-07-15,
371,392,True,51.49942855,false,-0.179702476,"Imperial College, Knightsbridge",1,21,20,False,1220,2011-02-17,
372,738,True,51.47514228,false,-0.187278987,"Imperial Road, Sands End",26,37,11,False,300087,2013-11-27,
373,780,True,51.474665,false,-0.18316517,"Imperial Wharf Station, Sands End",25,25,0,False,300070,2015-08-13,
374,551,True,51.505772,false,-0.016460175,"Import Dock, Canary Wharf",25,39,13,False,200066,2012-02-24,
375,744,True,51.46745485,false,-0.172293499,"Ingrave Street, Clapham Junction",16,30,13,False,300077,2013-11-29,
376,619,True,51.4737636,false,-0.197010096,"Irene Road, Parsons Green",10,43,33,False,300012,2013-09-30,
377,695,True,51.53638435,false,-0.102757578,"Islington Green, Angel",16,21,3,False,300031,2013-11-11,
378,102,True,51.51340693,false,-0.076793375,"Jewry Street, Aldgate",7,17,10,False,1045,2010-07-14,
379,447,True,51.493381,false,-0.007542,"Jubilee Crescent, Cubitt Town",4,54,48,False,200054,2012-01-07,
380,532,True,51.5034,false,-0.020242300000006708,"Jubilee Plaza, Canary Wharf",2,63,59,False,200163,2012-02-10,
381,450,True,51.515975,false,-0.053177,"Jubilee Street, Stepney",22,28,5,False,200002,2012-01-09,
382,144,True,51.48894022,false,-0.111435796,"Kennington Cross, Kennington",17,47,29,False,1093,2010-07-15,
383,270,True,51.4863434,false,-0.122492418,"Kennington Lane Rail Bridge, Vauxhall",27,31,3,False,1190,2010-07-21,
384,440,True,51.483145,false,-0.113134,"Kennington Oval, Oval",13,33,18,False,200032,2012-01-04,
385,235,True,51.49571828,false,-0.110889274,"Kennington Road  , Vauxhall",28,36,8,False,1154,2010-07-20,
386,149,True,51.48478899,false,-0.110683213,"Kennington Road Post Office, Oval",11,18,7,False,1073,2010-07-15,
387,435,True,51.488852,false,-0.105593,"Kennington Station, Kennington",14,23,9,False,22170,2011-12-08,
388,277,True,51.50315739,false,-0.191496313,"Kensington Church Street, Kensington",8,17,9,False,1143,2010-07-21,
389,258,True,51.50143293,false,-0.178656971,"Kensington Gore, Knightsbridge",7,23,16,False,1193,2010-07-21,
390,293,True,51.49815779,false,-0.209494128,"Kensington Olympia Station, Olympia",20,25,5,False,1214,2010-07-22,
391,375,True,51.50194596,false,-0.194392952,"Kensington Town Hall, Kensington",1,18,17,False,10632,2010-12-08,
392,439,True,51.5338,false,-0.118677,"Killick Street, King's Cross",22,22,0,False,200053,2012-01-04,
393,557,True,51.51601,false,-0.0985,"King Edward Street, St Pauls",1,20,19,False,200203,,
394,371,True,51.49775,false,-0.10988,"King Edward Walk, Waterloo",9,22,12,False,2639,2010-12-07,
395,799,True,51.4976984561,false,-0.137598896295,"Kings Gate House, Westminster",3,24,21,False,300202,2016-06-02,
396,594,True,51.513875,false,-0.117774,"Kingsway Southbound, Strand",0,33,33,False,200226,2012-03-14,
397,283,True,51.51440928,false,-0.118478757,"Kingsway, Covent Garden",0,16,16,False,1141,2010-07-21,
398,296,True,51.49363156,false,-0.190603326,"Knaresborough Place, Earl's Court",16,18,2,False,200069,2013-08-23,
399,222,True,51.50275704,false,-0.155349725,"Knightsbridge, Hyde Park",22,43,21,False,1101,2010-07-20,
400,200,True,51.51492456,false,-0.066078037,"LMU Commercial Road, Whitechapel",14,14,0,False,1105,2010-07-18,
401,262,True,51.49874469,false,-0.103132904,"LSBU (Borough Road), Elephant & Castle",35,35,0,False,1095,2010-07-21,
402,560,True,51.511624,false,-0.205921,"Ladbroke Grove Central, Ladbroke Grove",11,21,10,False,200015,,
403,284,True,51.49914063,false,-0.112031483,"Lambeth North Station, Waterloo",9,20,11,False,1117,2010-07-21,
404,815,True,51.5000891978,false,-0.116628700672,"Lambeth Palace Road, Waterloo",5,35,30,False,300231,2016-05-04,
405,139,True,51.49488108,false,-0.117974901,"Lambeth Road, Vauxhall",6,18,12,False,1078,2010-07-15,
406,526,True,51.503143,false,-0.008428,"Lancaster Drive, Blackwall",15,27,11,False,200143,,
407,524,True,51.511654,false,-0.179668,"Lancaster Gate , Bayswater",28,38,9,False,200017,2012-02-06,
408,523,True,51.51549,false,-0.013475,"Langdon Park, Poplar",11,24,13,False,200160,,
409,21,True,51.539834,false,-0.062806212,"Lansdowne Drive, Hackney Central",22,26,4,False,3426,2010-07-06,
410,622,True,51.50748124,false,-0.205535908,"Lansdowne Road, Ladbroke Grove",11,29,16,False,200172,2013-10-04,
411,543,True,51.509591,false,-0.204666,"Lansdowne Walk, Ladbroke Grove",12,21,9,False,200065,,
412,801,True,51.5052241745,false,-0.0980318118664,"Lavington Street, Bankside",2,29,27,False,300208,2016-03-24,
413,786,True,51.549369,false,-0.015717614,"Lee Valley VeloPark, Queen Elizabeth Olympic Park",11,44,33,False,300029,2016-01-04,
414,202,True,51.51236389,false,-0.06954201,"Leman Street, Aldgate",17,37,20,False,1102,2010-07-18,
415,32,True,51.52469624,false,-0.084439283,"Leonard Circus , Shoreditch",1,43,41,False,1020,2010-07-07,
416,155,True,51.49586666,false,-0.191933711,"Lexham Gardens, Kensington",13,19,6,False,1121,2010-07-16,
417,475,True,51.499041,false,-0.020157,"Lightermans Road, Millwall",17,31,13,False,200004,2012-01-17,
418,777,True,51.4619230679,false,-0.165297856693,"Limburg Road, Clapham Junction",12,21,9,False,300100,2014-07-25,
419,573,True,51.485587,false,-0.18119,"Limerston Street, West Chelsea",3,18,15,False,200001,2012-03-15,
420,809,True,51.5162778834,false,-0.118272991635,"Lincoln's Inn Fields, Holborn",0,28,26,False,300240,2016-07-04,
421,469,True,51.513757,false,-0.020467,"Lindfield Street, Poplar",39,44,5,False,22178,2012-01-12,
422,60,True,51.52644828,false,-0.172190727,"Lisson Grove, St. John's Wood",14,18,3,False,1030,2010-07-10,
423,116,True,51.51449962,false,-0.141423695,"Little Argyll Street, West End",5,21,16,False,995,2010-07-14,
424,775,True,51.496664,false,-0.223868,"Little Brook Green, Brook Green",21,33,12,False,300101,2014-03-31,
425,234,True,51.53450449,false,-0.106992706,"Liverpool Road (N1 Centre), Angel",19,24,5,False,1081,2010-07-20,
426,117,True,51.49288067,false,-0.114934001,"Lollard Street, Vauxhall",22,25,3,False,998,2010-07-14,
427,614,True,51.54119,false,-0.058826101,"London Fields, Hackney Central",15,21,5,False,200025,2013-10-03,
428,752,True,51.515117,false,-0.17371276,"London Street, Paddington",13,19,4,False,300079,2022-04-19,
429,343,True,51.53692216,false,-0.150181444,"London Zoo Car Park, The Regent's Park",24,36,12,False,1188,2010-07-27,
430,271,True,51.53583617,false,-0.156285395,"London Zoo,  The Regent's Park",12,32,19,False,1136,2010-07-21,
431,308,True,51.49907558,false,-0.085666316,"Long Lane , Bermondsey",9,20,11,False,1189,2010-07-22,
432,76,True,51.52559505,false,-0.144083893,"Longford Street, The Regent's Park",14,21,7,False,976,2010-07-12,
433,363,True,51.5291212008901,false,-0.171185284853,"Lord's, St. John's Wood",14,24,9,False,2665,2010-11-16,
434,746,True,51.4795738,false,-0.17903854,"Lots Road, West Chelsea",7,24,17,False,300076,2013-12-02,
435,347,True,51.50013942,false,-0.113936001,"Lower Marsh, Waterloo",4,17,13,False,1219,2010-09-06,
436,276,True,51.50930161,false,-0.084985356,"Lower Thames Street, Monument",19,24,4,False,1098,2010-07-21,
437,351,True,51.529423,false,-0.097122,"Macclesfield Rd, St Lukes",28,28,0,False,1226,2010-10-11,
438,8,True,51.529857,false,-0.18348604,"Maida Vale, Maida Vale",32,39,5,False,3423,2018-10-31,
439,12,True,51.52168078,false,-0.130431727,"Malet Street, Bloomsbury",22,49,26,False,980,2010-07-05,
440,208,True,51.52505151,false,-0.166304359,"Mallory Street, Marylebone",14,20,6,False,1175,2010-07-18,
441,599,True,51.485743,false,-0.223616,"Manbre Road, Hammersmith",18,28,10,False,200235,,
442,529,True,51.486892,false,-0.170983,"Manresa Road, Chelsea",5,18,13,False,200010,,
443,492,True,51.525501,false,-0.032267204,"Maplin Street, Mile End",23,39,16,False,200230,2012-01-22,
444,204,True,51.52659961,false,-0.112432615,"Margery Street, Clerkenwell",17,19,2,False,3468,2010-07-18,
445,384,True,51.496481,false,-0.192404,"Marloes Road, Kensington",6,15,9,False,3505,2011-02-03,
446,301,True,51.51475963,false,-0.148105415,"Marylebone Lane, Marylebone",2,24,22,False,1152,2010-07-22,
447,497,True,51.526578,false,-0.027581,"Merchant Street, Bow",26,27,1,False,200242,2012-01-24,
448,704,True,51.45682071,false,-0.202802098,"Mexfield Road, East Putney",9,18,9,False,200063,2013-11-14,
449,731,True,51.47727637,false,-0.189210466,"Michael Road, Walham Green",34,37,3,False,300095,2013-11-25,
450,763,True,51.52059714,false,-0.032566533,"Mile End Park Leisure Centre, Mile End",41,47,6,False,300027,2014-02-10,
451,712,True,51.51854104,false,-0.034903714,"Mile End Stadium, Mile End",16,22,6,False,300056,2013-11-18,
452,376,True,51.49188409,false,-0.125674815,"Millbank Tower, Pimlico",16,24,8,False,2683,2011-01-10,
453,366,True,51.5109192966489,false,-0.1511263847351,"Millennium Hotel, Mayfair",0,27,27,False,1230,2010-11-25,
454,473,True,51.496137,false,-0.019355,"Millharbour, Millwall",9,19,9,False,22167,2012-01-17,
455,195,True,51.50724437,false,-0.106237501,"Milroy Walk, South Bank",11,30,19,False,959,2010-07-17,
456,783,True,51.5403115,false,-0.021630359,"Monier Road, Hackney Wick",24,27,2,False,300213,2015-11-26,
457,292,True,51.49888404,false,-0.165471605,"Montpelier Street, Knightsbridge",1,16,13,False,1206,2010-07-22,
458,709,True,51.46321128,false,-0.215550761,"Montserrat Road , Putney",21,23,2,False,200205,2013-11-15,
459,587,True,51.50964,false,-0.08497,"Monument Street, Monument",0,22,22,False,200101,2012-03-22,
460,386,True,51.51352755,false,-0.130110822,"Moor Street, Soho",13,16,3,False,3504,2011-02-03,
461,215,True,51.51906932,false,-0.088285377,"Moorfields, Moorgate",0,54,54,False,1092,2010-07-19,
462,629,True,51.45995384,false,-0.190184054,"Morie Street, Wandsworth",11,28,16,False,200187,2013-10-11,
463,470,True,51.530535,false,-0.025492,"Mostyn Grove, Bow",41,46,5,False,200174,2012-01-17,
464,586,True,51.490645,false,-0.014582,"Mudchute DLR, Cubitt Town",7,31,23,False,200092,2012-03-15,
465,63,True,51.53089041,false,-0.089782579,"Murray Grove , Hoxton",26,27,0,False,989,2010-07-10,
466,126,True,51.51782144,false,-0.096496865,"Museum of London, Barbican",1,52,51,False,1043,2010-07-15,
467,623,True,51.46193072,false,-0.180791784,"Nantes Close, Wandsworth",21,22,1,False,200186,2013-10-07,
468,454,True,51.487679,false,-0.021582,"Napier Avenue, Millwall",3,20,17,False,200046,2012-01-09,
469,378,True,51.49559291,false,-0.179077626,"Natural History Museum, South Kensington",6,42,36,False,2677,2011-01-27,
470,538,True,51.508981,false,-0.00699,"Naval Row, Blackwall",18,21,3,False,200050,,
471,46,True,51.507131,false,-0.06691,"Nesham Street, Wapping",12,16,4,False,1031,2010-07-09,
472,332,True,51.49334336,false,-0.194757949,"Nevern Place, Earl's Court",11,20,9,False,1210,2010-07-26,
473,684,True,51.45475251,false,-0.195197203,"Neville Gill Close, Wandsworth",31,32,1,False,200188,2013-11-07,
474,581,True,51.519167,false,-0.147983,"New Cavendish Street, Marylebone",6,18,12,False,200005,2012-03-16,
475,546,True,51.517428,false,-0.107987,"New Fetter Lane, Holborn",0,21,20,False,200044,,
476,9,True,51.5073853,false,-0.096440751,"New Globe Walk, Bankside",1,19,18,False,1015,2010-07-04,
477,58,True,51.52452699,false,-0.079248081,"New Inn Yard, Shoreditch",10,20,10,False,1032,2010-07-10,
478,156,True,51.49443626,false,-0.092921165,"New Kent Road, The Borough",14,33,19,False,966,2010-07-16,
479,328,True,51.53114,false,-0.086016,"New North Road 2, Hoxton",21,22,1,False,2641,2010-07-26,
480,206,True,51.518154,false,-0.062697,"New Road 1 , Whitechapel",31,36,5,False,1171,2010-07-18,
481,813,True,51.4878074485,false,-0.122759625866,"New Spring Gardens Walk, Vauxhall",32,37,5,False,300224,2016-07-04,
482,530,True,51.508896,false,-0.012413,"Newby Place, Poplar",17,18,1,False,200146,,
483,71,True,51.5154186,false,-0.098850915,"Newgate Street , St. Paul's",2,34,32,True,1074,2010-07-12,
484,751,True,51.51612862,false,-0.120909408,"Newton Street, Covent Garden",6,24,17,False,300074,2013-12-05,
485,626,True,51.48438657,false,-0.20481514,"Normand Park, West Kensington",24,24,0,False,300008,2013-10-16,
486,828,True,51.473874,false,-0.11258096,"Normandy Road, Stockwell",12,32,19,False,300225,2018-02-05,
487,180,True,51.5129118,false,-0.153645496,"North Audley Street, Mayfair",5,17,12,False,1126,2010-07-16,
488,279,True,51.51862243,false,-0.176645823,"North Wharf Road, Paddington",16,25,9,False,1108,2010-07-21,
489,593,True,51.531066,false,-0.11934,"Northdown Street, King's Cross",20,21,1,False,200058,,
490,688,True,51.46095151,false,-0.20066766,"Northfields, Wandsworth",9,28,19,False,200204,2013-11-08,
491,22,True,51.5222641,false,-0.114079481,"Northington Street , Holborn",11,19,7,False,3425,2010-07-06,
492,354,True,51.506767,false,-0.123702,"Northumberland Avenue, Strand",1,37,36,False,1097,,
493,122,True,51.52111369,false,-0.078869751,"Norton Folgate, Liverpool Street",10,23,13,False,1068,2010-07-15,
494,225,True,51.50935342,false,-0.196422,"Notting Hill Gate Station, Notting Hill",19,30,11,False,1182,2010-07-20,
495,188,True,51.5165179,false,-0.164393768,"Nutford Place, Marylebone",16,18,1,False,1112,2010-07-17,
496,216,True,51.49094565,false,-0.181190899,"Old Brompton Road, South Kensington",24,30,5,False,3479,2010-07-19,
497,485,True,51.531127,false,-0.048017,"Old Ford Road, Bethnal Green",22,24,2,False,22173,2012-01-22,
498,537,True,51.51793,false,-0.067937,"Old Montague Street, Whitechapel",11,18,7,False,200239,2012-02-27,
499,99,True,51.51457763,false,-0.158264483,"Old Quebec Street, Marylebone",0,16,14,False,1085,2010-07-14,
500,73,True,51.525615,false,-0.08853260000000773,"Old Street Station, St. Luke's",8,34,26,False,1064,2010-07-12,
501,324,True,51.49652013,false,-0.101384068,"Ontario Street, Elephant & Castle",13,15,2,False,1200,2010-07-23,
502,679,True,51.47453545,false,-0.170210533,"Orbel Street, Battersea",21,26,5,False,200114,2013-11-05,
503,747,True,51.48796408,false,-0.161765173,"Ormonde Gate, Chelsea",19,24,5,False,300089,2013-12-02,
504,165,True,51.517932,false,-0.183716959,"Orsett Terrace, Bayswater",10,15,5,False,2585,2010-07-16,
505,685,True,51.46067005,false,-0.198735357,"Osiers Road, Wandsworth",12,30,17,False,200219,2013-11-07,
506,797,True,51.5293,false,-0.12827903,"Ossulston Street, Somers Town",28,30,2,False,300211,2016-03-01,
507,743,True,51.46079243,false,-0.212607684,"Oxford Road, Putney",6,29,23,False,300078,2013-11-29,
508,370,True,51.520205,false,-0.174593,"Paddington Green, Paddington",12,20,8,False,2670,2010-12-06,
509,56,True,51.52058381,false,-0.154701411,"Paddington Street, Marylebone",6,16,10,False,1033,2010-07-10,
510,558,True,51.493978,false,-0.127554,"Page Street, Westminster",11,24,13,False,200048,2014-05-09,
511,333,True,51.50860544,false,-0.193764092,"Palace Gardens Terrace, Notting Hill",8,37,29,False,2633,2010-07-26,
512,404,True,51.50204238,false,-0.184400221,"Palace Gate, Kensington Gardens",2,13,9,False,1110,2011-03-09,
513,322,True,51.526293,false,-0.073955,"Palissy Street, Shoreditch",23,26,3,False,3502,2010-07-23,
514,233,True,51.50777049,false,-0.130699733,"Pall Mall East, West End",14,22,8,False,1153,2010-07-20,
515,34,True,51.5341235,false,-0.129386874,"Pancras Road, King's Cross",14,16,2,False,3428,2010-07-07,
516,83,True,51.50963938,false,-0.131510949,"Panton Street, West End",2,21,19,False,3452,2010-07-13,
517,111,True,51.5100172,false,-0.157275636,"Park Lane , Hyde Park",5,28,23,False,1037,2010-07-14,
518,733,True,51.50542628,false,-0.150817316,"Park Lane, Mayfair",4,18,14,False,300093,2013-11-26,
519,114,True,51.52451738,false,-0.158963647,"Park Road (Baker Street), The Regent's Park",19,22,2,False,1050,2010-07-14,
520,10,True,51.50597426,false,-0.092754157,"Park Street, Bankside",5,18,13,False,1024,2010-07-04,
521,456,True,51.538071,false,-0.144664,"Parkway, Camden Town",28,33,5,False,200118,2012-01-10,
522,596,True,51.472817,false,-0.199783,"Parson's Green , Parson's Green",12,21,9,False,200237,,
523,671,True,51.475089,false,-0.201968,"Parsons Green Station, Parsons Green",15,56,41,False,300052,2013-10-31,
524,337,True,51.51108452,false,-0.197524944,"Pembridge Villas, Notting Hill",12,16,4,False,2589,2010-07-26,
525,402,True,51.52289229,false,-0.171681991,"Penfold Street, Marylebone",7,15,8,False,10625,2011-03-08,
526,490,True,51.508622,false,-0.065006,"Pennington Street, Wapping",24,45,20,False,200090,,
527,37,True,51.49159394,false,-0.192369256,"Penywern Road, Earl's Court",11,17,6,False,3444,2010-07-07,
528,544,True,51.526153,false,-0.102208,"Percival Street, Finsbury",12,22,10,False,200051,,
529,648,True,51.46904022,false,-0.19627483,"Peterborough Road, Sands End",9,30,21,False,200171,2013-10-21,
530,662,True,51.48498496,false,-0.167919869,"Phene Street, Chelsea",4,24,19,False,200189,2013-10-27,
531,2,True,51.49960695,false,-0.197574246,"Phillimore Gardens, Kensington",6,37,28,False,1018,2010-07-08,
532,443,True,51.515256,false,-0.058641,"Philpot Street, Whitechapel",22,30,8,False,200033,2012-01-07,
533,41,True,51.520955,false,-0.083493552,"Pindar Street, Liverpool Street",0,24,24,False,1084,2010-07-08,
534,569,True,51.53213,false,-0.08299,"Pitfield Street Central, Hoxton",24,30,6,False,200248,,
535,465,True,51.53558,false,-0.08249,"Pitfield Street North,Hoxton",23,28,5,False,200152,2012-04-05,
536,734,True,51.46230566,false,-0.175407201,"Plough Terrace, Clapham Junction",6,31,23,False,300094,2013-11-26,
537,789,True,51.538718,false,-0.011889482,"Podium, Queen Elizabeth Olympic Park",25,40,13,False,300021,2016-01-11,
538,143,True,51.4968865,false,-0.161203828,"Pont Street, Knightsbridge",11,24,13,False,1114,2010-07-15,
539,169,True,51.5147461,false,-0.1651640000000043,"Porchester Place, Paddington",6,18,12,False,3477,2010-07-16,
540,184,True,51.52071513,false,-0.14521173,"Portland Place, Marylebone",0,34,34,False,1164,2010-07-17,
541,514,True,51.516204,false,-0.155525,"Portman Square, Marylebone",1,17,15,False,200008,2012-02-02,
542,147,True,51.51494305,false,-0.11614642,"Portugal Street, Holborn",0,16,16,False,3456,2010-07-15,
543,479,True,51.527152,false,-0.058005,"Pott Street, Bethnal Green",16,20,4,False,200156,2012-01-19,
544,230,True,51.50669284,false,-0.103137426,"Poured Lines, Bankside",10,31,21,False,1144,2010-07-20,
545,563,True,51.499286,false,-0.009152,"Preston's Road, Cubitt Town",11,26,15,False,200232,,
546,329,True,51.53589283,false,-0.160854428,"Prince Albert Road, The Regent's Park",17,24,7,False,2636,2010-07-26,
547,373,True,51.49980661,false,-0.176415994,"Prince Consort Road, Knightsbridge",0,18,17,False,3499,2011-01-19,
548,756,True,51.47515398,false,-0.159169801,"Prince of Wales Drive, Battersea Park",21,21,0,False,300073,2014-01-20,
549,611,True,51.50646524,false,-0.208486599,"Princedale Road , Holland Park",17,20,1,False,200067,2013-09-26,
550,261,True,51.5134891,false,-0.191351186,"Princes Square, Bayswater",14,16,2,False,3491,2010-07-21,
551,512,True,51.532091,false,-0.06142,"Pritchard's Road, Bethnal Green",26,30,4,False,200083,2012-02-01,
552,728,True,51.46199911,false,-0.206240805,"Putney Bridge Road, East Putney",14,29,15,False,300044,2013-11-26,
553,607,True,51.468814,false,-0.210279,"Putney Bridge Station, Fulham",21,21,0,False,200125,,
554,302,True,51.466907,false,-0.216573,"Putney Pier, Wandsworth",10,28,18,False,3492,2010-07-22,
555,694,True,51.46071722,false,-0.216526155,"Putney Rail Station, Putney",13,20,7,False,300033,2013-11-09,
556,491,True,51.522507,false,-0.041378,"Queen Mary's, Mile End",29,45,14,False,200249,2012-01-22,
557,320,True,51.49357351,false,-0.139956043,"Queen Mother Sports Centre, Victoria",14,26,12,False,1148,2010-07-23,
558,101,True,51.51155322,false,-0.0929401,"Queen Street 1, Bank",0,22,20,False,999,2010-07-14,
559,579,True,51.511246,false,-0.093051,"Queen Street 2, Bank",0,36,35,False,200128,,
560,136,True,51.51196176,false,-0.097441687,"Queen Victoria Street, St. Paul's",5,32,27,False,1048,2010-07-15,
561,625,True,51.47761941,false,-0.149551631,"Queen's Circus, Battersea Park",13,28,14,False,200190,2013-10-08,
562,231,True,51.49396755,false,-0.17873226,"Queen's Gate (Central), South Kensington",23,31,8,False,1089,2010-07-20,
563,266,True,51.50102668,false,-0.180246101,"Queen's Gate (North), Kensington",0,41,40,False,1204,2010-07-21,
564,187,True,51.49247977,false,-0.178433004,"Queen's Gate (South), South Kensington",6,25,19,False,1172,2010-07-17,
565,350,True,51.5017154373867,false,-0.1798541843891,"Queen's Gate, Kensington Gardens",18,21,1,False,1231,2010-09-29,
566,536,True,51.53385,false,-0.06992,"Queensbridge Road, Haggerston",23,35,12,False,200024,,
567,736,True,51.50659035,false,-0.216104479,"Queensdale Road, Shepherd's Bush",23,28,5,False,300088,2013-11-26,
568,224,True,51.51031,false,-0.18740235,"Queensway, Kensington Gardens",4,17,12,False,1150,2010-07-20,
569,644,True,51.48373225,false,-0.223852256,"Rainville Road, Hammersmith",17,36,19,False,200182,2013-10-20,
570,766,True,51.45752945,false,-0.192165613,"Ram Street, Wandsworth",22,25,3,False,200079,2014-02-20,
571,190,True,51.48997562,false,-0.132845681,"Rampayne Street, Pimlico",20,21,1,False,1106,2010-07-17,
572,765,True,51.46760141,false,-0.20682737,"Ranelagh Gardens, Fulham",7,39,32,False,300064,2014-02-21,
573,306,True,51.51816295,false,-0.135025698,"Rathbone Street, Fitzrovia",3,16,13,False,3497,2010-07-22,
574,668,True,51.49422354,false,-0.236769936,"Ravenscourt Park Station, Hammersmith",17,26,8,False,300037,2013-10-30,
575,488,True,51.506946,false,-0.058681,"Reardon Street, Wapping",14,22,8,False,22176,2012-01-22,
576,561,True,51.518369,false,-0.043371,"Rectory Square, Stepney",20,22,1,False,200037,2012-02-29,
577,23,True,51.51943538,false,-0.119123345,"Red Lion Square, Holborn",0,16,16,False,3421,2010-07-06,
578,436,True,51.51824,false,-0.11655,"Red Lion Street, Holborn",1,36,35,False,22171,2011-12-08,
579,267,True,51.49206037,false,-0.132224622,"Regency Street, Westminster",18,22,4,False,1155,2010-07-21,
580,553,True,51.535678,false,-0.062546,"Regent's Row , Haggerston",22,24,1,False,200064,,
581,647,True,51.50035306,false,-0.217515071,"Richmond Way, Shepherd's Bush",26,27,1,False,200181,2013-10-21,
582,771,True,51.509224,false,-0.216016,"Rifle Place, Avondale",15,21,6,False,300007,2014-03-05,
583,339,True,51.5333196,false,-0.1117812,"Risinghill Street, Angel",11,25,6,False,1127,2010-07-26,
584,1,True,51.52916347,false,-0.109970527,"River Street , Clerkenwell",8,19,11,False,1023,2010-07-12,
585,183,True,51.482362,false,-0.13612398,"Riverlight North, Nine Elms",5,24,19,False,1165,2010-07-17,
586,817,True,51.4813354746,false,-0.138212295869,"Riverlight South, Nine Elms",11,26,15,False,300232,2016-06-03,
587,118,True,51.49582705,false,-0.13547809,"Rochester Row, Westminster",6,13,7,False,3457,2010-07-14,
588,223,True,51.49148474,false,-0.090220911,"Rodney Road , Walworth",9,24,14,False,3481,2010-07-20,
589,52,True,51.52295439,false,-0.094934859,"Roscoe Street, St. Luke's",13,18,5,False,1026,2010-07-10,
590,411,True,51.499169,false,-0.055846029,"Rotherhithe Roundabout, Rotherhithe",19,19,0,False,10629,,
591,250,True,51.489932,false,-0.162727,"Royal Avenue 1, Chelsea",7,10,2,False,3440,2010-07-20,
592,280,True,51.490083,false,-0.162418,"Royal Avenue 2, Chelsea",5,10,5,False,3462,2010-07-21,
593,362,True,51.536264,false,-0.133952,"Royal College Street, Camden Town",50,57,7,False,2686,2010-11-18,
594,282,True,51.518675,false,-0.06111,"Royal London Hospital, Whitechapel",12,42,22,False,1077,2010-07-21,
595,515,True,51.500088,false,-0.211316,"Russell Gardens, Olympia",9,24,15,False,200080,,
596,77,True,51.52341837,false,-0.124121774,"Russell Square Station, Bloomsbury",14,26,12,False,978,2010-07-12,
597,318,True,51.51004801,false,-0.138846453,"Sackville Street, Mayfair",0,18,17,False,1197,2010-07-23,
598,78,True,51.52486887,false,-0.099489485,"Sadlers Sports Centre, Finsbury",7,17,10,False,3433,2010-07-12,
599,441,True,51.495656,false,-0.114605,"Sail Street, Vauxhall",12,24,12,False,200039,2012-01-04,
600,542,True,51.514115,false,-0.033828,"Salmon Lane, Limehouse",14,33,19,False,200147,,
601,833,True,51.460232,false,-0.11537509,"Saltoun Road, Brixton",29,42,13,False,300206,2018-02-06,
602,86,True,51.48947903,false,-0.115156562,"Sancroft Street, Vauxhall",23,24,0,False,3434,2010-07-13,
603,769,True,51.473611,false,-0.191803,"Sandilands Road, Walham Green",10,21,10,False,300001,2014-03-04,
604,767,True,51.45705988,false,-0.200806304,"Santos Road, Wandsworth",18,30,12,False,200177,2014-02-26,
605,372,True,51.515208,false,-0.117863,"Sardinia Street, Holborn",0,24,24,False,2649,2010-12-07,
606,481,True,51.487129,false,-0.0090011,"Saunders Ness Road, Cubitt Town",5,35,30,False,200022,2012-01-19,
607,13,True,51.51991453,false,-0.136039674,"Scala Street, Fitzrovia",1,21,20,False,970,2010-07-05,
608,839,True,51.508033,false,-0.10682363,"Sea Containers, South Bank",5,30,25,False,200144,2018-12-12,
609,5,True,51.49313,false,-0.156876,"Sedding Street, Sloane Square",20,27,7,False,3420,2010-07-04,
610,565,True,51.521905,false,-0.063386,"Selby Street, Whitechapel",9,17,8,False,200135,,
611,300,True,51.505014,false,-0.17306032,"Serpentine Car Park, Hyde Park",1,18,16,False,1217,2010-07-22,
612,166,True,51.50185512,false,-0.159237081,"Seville Street, Knightsbridge",15,27,11,False,1177,2010-07-16,
613,605,True,51.520331,false,-0.163667,"Seymour Place, Marylebone",27,29,1,False,200198,,
614,449,True,51.511088,false,-0.057159,"Shadwell Station, Shadwell",20,35,15,False,200020,2012-01-07,
615,632,True,51.47053858,false,-0.163041605,"Sheepcote Lane, Battersea",14,28,14,False,200176,2013-10-08,
616,667,True,51.5015946,false,-0.222293381,"Shepherd's Bush Road North, Shepherd's Bush",17,34,16,False,200209,2013-10-30,
617,698,True,51.53908372,false,-0.070329419,"Shoreditch Court, Haggerston",32,35,2,False,200121,2013-11-12,
618,39,True,51.5263778,false,-0.078130921,"Shoreditch High Street, Shoreditch",33,41,8,False,3445,2010-07-08,
619,253,True,51.53404294,false,-0.086379717,"Shoreditch Park, Hoxton",25,30,5,False,1051,2010-07-21,
620,396,True,51.51809,false,-0.163609,"Shouldham Street, Marylebone",1,16,15,False,2693,2011-03-02,
621,830,True,51.469202,false,-0.11902256,"Sidney Road, Stockwell",18,27,9,False,300229,2018-02-07,
622,640,True,51.47286577,false,-0.148059277,"Silverthorne Road, Battersea",17,28,11,False,200179,2013-10-17,
623,653,True,51.47084722,false,-0.17070367,"Simpson Street, Clapham Junction",24,25,0,False,200196,2013-10-23,
624,740,True,51.51092871,false,-0.214594781,"Sirdar Road, Avondale",12,26,14,False,300084,2013-11-28,
625,163,True,51.4931848,false,-0.167894973,"Sloane Avenue, Knightsbridge",2,27,25,False,3461,2010-07-16,
626,281,True,51.49580589,false,-0.127575233,"Smith Square, Westminster",13,18,5,False,3480,2010-07-21,
627,665,True,51.46108367,false,-0.191722864,"Smugglers Way, Wandsworth",8,22,14,False,200113,2013-10-28,
628,393,True,51.51733427,false,-0.103604248,"Snow Hill, Farringdon",0,15,15,False,2699,2011-02-24,
629,706,True,51.50215353,false,-0.083632928,"Snowsfields, London Bridge",11,31,20,False,200193,2013-11-14,
630,109,True,51.51563144,false,-0.132328837,"Soho Square , Soho",0,57,57,False,1052,2010-07-14,
631,564,True,51.509943,false,-0.117619,"Somerset House, Strand",8,41,33,False,200068,,
632,800,True,51.4811219398,false,-0.149035374873,"Sopwith Way, Battersea Park",28,30,0,False,300248,2016-03-04,
633,289,True,51.50923,false,-0.15128999999998882,"South Audley Street, Mayfair",6,15,9,False,3493,2010-07-22,
634,847,True,51.488067,false,-0.057774596,"South Bermondsey Station, Bermondsey",8,24,15,False,300062,,
635,356,True,51.494412,false,-0.173881,"South Kensington Station, South Kensington",6,15,9,False,2685,2010-10-25,
636,600,True,51.481747,false,-0.124642,"South Lambeth Road, Vauxhall",12,21,9,False,200133,,
637,430,True,51.48902,false,-0.17524,"South Parade, Chelsea",6,18,12,False,22182,2011-12-22,
638,636,True,51.46706414,false,-0.193502076,"South Park, Sands End",19,28,9,False,200180,2013-10-15,
639,494,True,51.50196,false,-0.016251,"South Quay East, Canary Wharf",11,36,25,False,200233,2012-01-24,
640,186,True,51.51733558,false,-0.175810943,"South Wharf Road, Paddington",13,16,3,False,1167,2010-07-17,
641,162,True,51.51760685,false,-0.121328408,"Southampton Place, Holborn",2,20,15,False,1123,2010-07-16,
642,388,True,51.51070161,false,-0.121723604,"Southampton Street, Strand",0,14,14,False,1228,2011-02-08,
643,467,True,51.523538,false,-0.030556,"Southern Grove, Bow",12,17,4,False,200168,2012-01-12,
644,598,True,51.494499,false,-0.228188,"Southerton Road, Hammersmith",8,38,30,False,200166,2017-07-31,
645,420,True,51.504043,false,-0.105312,"Southwark Station 1, Southwark",25,37,12,False,22162,2011-06-28,
646,421,True,51.504044,false,-0.104778,"Southwark Station 2, Southwark",15,45,29,False,22163,2011-06-28,
647,803,True,51.5054099403,false,-0.0983410884509,"Southwark Street, Bankside",10,23,13,False,300238,2016-06-01,
648,265,True,51.51595344,false,-0.169249375,"Southwick Street, Paddington",15,17,2,False,3490,2010-07-21,
649,689,True,51.45922541,false,-0.180884959,"Spanish Road, Clapham Junction",7,30,23,False,200106,2013-11-08,
650,637,True,51.45787019,false,-0.174691623,"Spencer Park, Wandsworth Common",5,25,20,False,200191,2013-10-16,
651,477,True,51.49109,false,-0.018716,"Spindrift Avenue, Millwall",10,36,21,False,200018,2012-01-19,
652,831,True,51.466232,false,-0.11317995,"St John's Crescent, Brixton",9,25,16,False,300215,2018-02-07,
653,604,True,51.538792,false,-0.138535,"St Martins Close, Camden Town",13,18,5,False,200195,,
654,290,True,51.518268,false,-0.17110323,"St Mary's Hospital, Paddington",10,20,10,False,3496,2010-07-22,
655,703,True,51.51505991,false,-0.10534448,"St. Bride Street, Holborn",1,25,24,False,200094,2013-11-13,
656,4,True,51.53005939,false,-0.120973687,"St. Chad's Street, King's Cross",10,23,12,False,1013,2010-07-04,
657,349,True,51.51196,false,-0.142783033,"St. George Street, Mayfair",1,18,17,False,1221,2010-09-15,
658,294,True,51.488226,false,-0.135635511,"St. George's Square, Pimlico",16,16,0,False,1195,2010-07-22,
659,228,True,51.50742485,false,-0.134621209,"St. James's Square, St. James's",0,40,38,False,1067,2010-07-20,
660,123,True,51.52836014,false,-0.104724625,"St. John Street, Finsbury",16,18,2,False,992,2010-07-15,
661,504,True,51.496454,false,-0.009506,"St. John's Park, Cubitt Town",6,30,24,False,200243,2012-01-30,
662,764,True,51.46239255,false,-0.16829214,"St. John's Road, Clapham Junction",17,33,16,False,200185,2014-02-17,
663,247,True,51.530529,false,-0.167515,"St. John's Wood Church, The Regent's Park",47,50,3,False,1091,2010-07-20,
664,286,True,51.5272947,false,-0.174653609,"St. John's Wood Road, St. John's Wood",33,35,1,False,1187,2010-07-21,
665,452,True,51.505697,false,-0.070542,"St. Katharine's Way, Tower",17,24,7,False,200049,2012-01-09,
666,218,True,51.48971651,false,-0.170194408,"St. Luke's Church, Chelsea",3,20,17,False,3486,2010-07-19,
667,650,True,51.51687069,false,-0.213872396,"St. Mark's Road, North Kensington",13,21,8,False,300034,2013-10-22,
668,325,True,51.50908747,false,-0.129697889,"St. Martin's Street, West End",3,18,15,False,1158,2010-07-23,
669,464,True,51.51417,false,-0.052099,"St. Mary & St. Michael Church, Stepney",19,25,6,False,200082,2012-01-11,
670,263,True,51.51422502,false,-0.080660083,"St. Mary Axe, Aldgate",6,21,15,False,1184,2010-07-21,
671,729,True,51.47893931,false,-0.208485293,"St. Peter's Terrace, Fulham",6,24,17,False,300043,2013-11-25,
672,716,True,51.51542791,false,-0.02356501,"Stainsby Road , Poplar",23,24,1,False,300048,2013-11-19,
673,197,True,51.50556905,false,-0.111606696,"Stamford Street, South Bank",4,27,23,False,962,2010-07-17,
674,380,True,51.50686435,false,-0.150666888,"Stanhope Gate, Mayfair",0,21,21,False,3506,2011-01-27,
675,690,True,51.47047503,false,-0.152130083,"Stanley Grove, Battersea",16,24,8,False,200199,2013-11-08,
676,720,True,51.48724429,false,-0.205279052,"Star Road, West Kensington",20,23,3,False,300038,2013-11-21,
677,476,True,51.489096,false,-0.009205,"Stebondale Street, Cubitt Town",12,29,17,False,200009,2012-01-19,
678,723,True,51.46822047,false,-0.190346493,"Stephendale Road, Sands End",23,48,24,False,300053,2013-11-21,
679,478,True,51.521889,false,-0.04667,"Stepney Green Station, Stepney",17,21,3,False,200012,2012-01-19,
680,714,True,51.47311696,false,-0.137235175,"Stewart's Road, Wandsworth Road",15,28,13,False,300055,2013-11-19,
681,364,True,51.519572,false,-0.13214036,"Store Street, Bloomsbury",0,32,31,False,3507,2010-11-18,
682,762,True,51.50070305,false,-0.129698963,"Storey's Gate, Westminster",8,21,11,False,200202,2014-02-10,
683,857,True,51.512582,false,-0.11505729999998948,"Strand, Strand",0,35,34,False,1100,,
684,409,True,51.493146,false,-0.099828,"Strata, Elephant & Castle",36,41,4,False,10624,,
685,790,True,51.541793,false,-0.00481,"Stratford Station, Stratford",17,28,11,False,300234,2016-01-13,
686,609,True,51.46512358,false,-0.157788279,"Sugden Road, Clapham",12,19,7,False,200208,2013-09-25,
687,172,True,51.49121192,false,-0.173715911,"Sumner Place, South Kensington",3,19,16,False,1124,2010-07-16,
688,620,True,51.47518024,false,-0.167160736,"Surrey Lane, Battersea",19,28,9,False,300010,2013-10-01,
689,511,True,51.511066,false,-0.053558,"Sutton Street, Shadwell",25,33,7,False,200256,2012-01-30,
690,295,True,51.50029631,false,-0.092762704,"Swan Street, The Borough",17,27,10,False,1216,2010-07-22,
691,148,True,51.49211134,false,-0.138364847,"Tachbrook Street, Victoria",12,16,4,False,965,,
692,773,True,51.511891,false,-0.107349,"Tallis Street, Temple",1,24,23,False,300096,2014-03-31,
693,85,True,51.50064702,false,-0.078600401,"Tanner Street, Bermondsey",13,41,28,False,994,2010-07-13,
694,810,True,51.5067252868,false,-0.0988072461627,"Tate Modern, Bankside",20,30,10,False,300237,2016-06-03,
695,89,True,51.5262503,false,-0.123509611,"Tavistock Place, Bloomsbury",17,19,2,False,3439,2010-07-13,
696,335,True,51.51196803,false,-0.120718759,"Tavistock Street, Covent Garden",10,33,23,False,1207,2010-07-26,
697,19,True,51.52505093,false,-0.131161087,"Taviton Street, Bloomsbury",5,30,24,False,1009,2010-07-06,
698,842,True,51.510981,false,-0.10832249,"Temple Gardens, Temple",3,24,21,False,300250,2020-09-23,
699,669,True,51.47614939,false,-0.1232585,"Teversham Lane, Stockwell",5,39,34,False,300036,2013-10-30,
700,519,True,51.518811,false,-0.011662,"Teviot Street, Poplar",11,33,18,False,200254,,
701,851,True,51.492221,false,-0.06251309999998966,"The Blue, Bermondsey",10,22,12,False,300059,2022-10-17,
702,120,True,51.51573534,false,-0.093080779,"The Guildhall, Guildhall",0,17,17,False,1044,2010-07-15,
703,805,True,51.520509,false,-0.20080483,"The Metropolitan, Portobello",14,18,3,False,300244,2016-07-04,
704,315,True,51.52536703,false,-0.153463612,"The Tennis Courts, The Regent's Park",4,16,12,False,1199,2010-07-23,
705,755,True,51.48512191,false,-0.174971902,"The Vale, Chelsea",4,24,20,False,300058,2014-01-06,
706,68,True,51.52059681,false,-0.116688468,"Theobald's Road , Holborn",1,26,25,False,975,2010-07-11,
707,651,True,51.48089844,false,-0.183853573,"Thorndike Close, West Chelsea",3,25,22,False,300030,2013-10-22,
708,463,True,51.534776,false,-0.071881,"Thurtle Road, Haggerston",12,22,10,False,200093,,
709,787,True,51.546805,false,-0.01469126,"Timber Lodge, Queen Elizabeth Olympic Park",13,35,22,False,300227,2016-01-04,
710,278,True,51.5034938,false,-0.07962099,"Tooley Street, Bermondsey",23,27,4,False,1142,2010-07-21,
711,75,True,51.53219984,false,-0.105480698,"Torrens Street, Angel",13,19,6,False,1060,2010-07-12,
712,130,True,51.50950627,false,-0.075459482,"Tower Gardens , Tower",3,24,21,False,1071,2010-07-15,
713,841,True,51.500845,false,-0.074704305,"Tower Wharf, Bermondsey",2,20,18,False,2667,,
714,158,True,51.49085368,false,-0.196170309,"Trebovir Road, Earl's Court",14,18,4,False,1113,2010-07-16,
715,248,True,51.50645179,false,-0.170279555,"Triangle Car Park, Hyde Park",1,27,25,False,1088,2010-07-20,
716,379,True,51.51431171,false,-0.200838199,"Turquoise Island, Notting Hill",12,21,9,False,2682,2011-01-27,
717,531,True,51.530326,false,-0.042744,"Twig Folly Bridge, Mile End",18,21,2,False,200167,2012-02-09,
718,314,True,51.50088934,false,-0.083159352,"Tyers Gate, Bermondsey",10,36,26,False,3485,2010-07-23,
719,264,True,51.52644342,false,-0.109256828,"Tysoe Street, Clerkenwell",20,20,0,False,1146,2010-07-21,
720,602,True,51.472993,false,-0.133972,"Union Grove, Wandsworth Road",27,45,16,False,200211,,
721,196,True,51.50368837,false,-0.098497684,"Union Street, The Borough",11,17,6,False,961,2010-07-17,
722,745,True,51.47816972,false,-0.18243547,"Upcerne Road, West Chelsea",2,29,27,False,300075,2013-11-29,
723,570,True,51.503083,false,-0.017676,"Upper Bank Street, Canary Wharf",2,36,33,False,200099,2012-03-03,
724,389,True,51.51013066,false,-0.155757901,"Upper Grosvenor Street, Mayfair",3,18,15,False,10621,2011-02-10,
725,705,True,51.45971528,false,-0.212145939,"Upper Richmond Road, Putney",12,25,13,True,300042,2013-11-14,2018-10-18
726,675,True,51.46348914,false,-0.182126248,"Usk Road, Clapham Junction",17,30,13,False,200126,2013-11-01,
727,146,True,51.48836528,false,-0.129361842,"Vauxhall Bridge , Pimlico",4,35,31,False,1046,2010-07-15,
728,74,True,51.48591714,false,-0.124469948,"Vauxhall Cross, Vauxhall",16,17,1,False,1000,2010-07-12,
729,352,True,51.486965,false,-0.116625,"Vauxhall Street, Vauxhall",13,19,6,False,1224,2010-10-11,
730,437,True,51.488124,false,-0.120903,"Vauxhall Walk, Vauxhall",19,27,8,False,200056,2012-01-05,
731,633,True,51.48959104,false,-0.209378594,"Vereker Road, West Kensington",9,32,21,False,200116,2013-10-10,
732,701,True,51.47287627,false,-0.176267008,"Vicarage Crescent, Battersea",18,30,12,False,200077,2013-11-13,
733,103,True,51.50472376,false,-0.192538767,"Vicarage Gate, Kensington",13,18,5,False,3441,2010-07-14,
734,781,True,51.495898,false,-0.173009,"Victoria & Albert Museum, South Kensington",11,30,18,False,300032,2015-11-02,
735,719,True,51.53642464,false,-0.054162264,"Victoria Park Road, Hackney Central",26,34,8,False,300011,2013-11-20,
736,794,True,51.461376,false,-0.14780467,"Victoria Rise, Clapham Common",11,23,12,False,300204,2016-02-25,
737,820,True,51.492807,false,-0.091938,"Victory Place, Walworth",8,24,16,False,300239,2016-12-15,
738,299,True,51.49398524,false,-0.136928582,"Vincent Square, Westminster",14,19,5,False,1196,2010-07-22,
739,426,True,51.493072,false,-0.129925,"Vincent Street, Pimlico",10,17,7,False,22161,2011-07-12,
740,442,True,51.510101,false,-0.211358,"Walmer Road, Avondale",17,24,6,False,200035,2012-01-07,
741,91,True,51.49368637,false,-0.111014912,"Walnut Tree Walk, Vauxhall",20,20,0,False,1076,2010-07-13,
742,725,True,51.491327,false,-0.096518684,"Walworth Square, Walworth",20,24,3,False,300050,2019-07-17,
743,612,True,51.46925984,false,-0.141812513,"Wandsworth Rd, Isley Court, Wandsworth Road",19,30,11,False,200175,2013-09-27,
744,621,True,51.46086446,false,-0.187427294,"Wandsworth Town Station, Wandsworth",19,33,13,False,200091,2013-10-04,
745,134,True,51.504904,false,-0.06797,"Wapping High Street, Wapping",15,20,5,False,1039,2010-07-15,
746,458,True,51.504749,false,-0.057544,"Wapping Lane, Wapping",24,28,4,False,200034,2012-01-11,
747,192,True,51.51251523,false,-0.133201961,"Wardour Street, Soho",2,16,14,False,1163,2010-07-17,
748,239,True,51.52443845,false,-0.138019439,"Warren Street Station, Euston",9,26,15,False,1090,2010-07-20,
749,47,True,51.52334476,false,-0.183846408,"Warwick Avenue Station, Maida Vale",19,19,0,False,1027,2010-07-10,
750,274,True,51.49671237,false,-0.20528437,"Warwick Road, Olympia",26,36,10,False,1134,2010-07-21,
751,316,True,51.497998,false,-0.14296064,"Warwick Row, Westminster",15,21,6,False,968,2010-07-23,2018-10-18
752,178,True,51.48985626,false,-0.141923621,"Warwick Square, Pimlico",11,19,8,False,3460,2010-07-16,
753,377,True,51.50535447,false,-0.113656543,"Waterloo Bridge, South Bank",8,15,7,False,2648,2011-01-17,
754,160,True,51.50663341,false,-0.131773845,"Waterloo Place, St. James's",3,20,15,False,3458,2010-07-16,
755,173,True,51.50486,false,-0.113001,"Waterloo Road, South Bank",5,15,10,False,1176,2010-07-16,
756,374,True,51.50402794,false,-0.11386436,"Waterloo Station 1, Waterloo",24,36,12,False,2696,2010-12-07,
757,361,True,51.50391973,false,-0.11342629,"Waterloo Station 2, Waterloo",31,55,24,False,2692,2010-12-09,
758,154,True,51.50379168,false,-0.11282408,"Waterloo Station 3, Waterloo",16,35,19,False,1072,,
759,513,True,51.5142228,false,-0.055656,"Watney Market, Stepney",40,51,11,False,200162,,
760,552,True,51.511542,false,-0.056667,"Watney Street, Shadwell",17,27,10,False,200149,,
761,80,True,51.50069361,false,-0.102091246,"Webber Street , Southwark",28,45,17,False,3448,2010-07-12,
762,213,True,51.50274025,false,-0.149569201,"Wellington Arch, Hyde Park",33,36,3,False,1109,2010-07-19,
763,110,True,51.53304322,false,-0.172528678,"Wellington Road, St. John's Wood",9,17,7,False,1055,2010-07-14,
764,533,True,51.528222,false,-0.069743,"Wellington Row, Bethnal Green",20,33,13,False,200165,,
765,338,True,51.51175646,false,-0.119643424,"Wellington Street , Strand",13,24,10,False,1202,2010-07-26,
766,313,True,51.51734403,false,-0.138072691,"Wells Street, Fitzrovia",2,38,36,False,3495,2010-07-23,
767,721,True,51.53603947,false,-0.026262677,"Wendon Street, Old Ford",4,18,14,False,300039,2013-11-21,
768,42,True,51.53099181,false,-0.093903825,"Wenlock Road , Hoxton",22,28,5,False,979,2010-07-08,
769,142,True,51.49372451,false,-0.198286569,"West Cromwell Road, Earl's Court",17,24,7,False,1001,2010-07-15,
770,660,True,51.49087074,false,-0.206029743,"West Kensington Station, West Kensington",10,22,12,False,300020,2013-10-25,
771,203,True,51.51821864,false,-0.100791005,"West Smithfield Rotunda, Farringdon",3,15,12,False,1040,2010-07-18,
772,105,True,51.51552971,false,-0.190240716,"Westbourne Grove, Bayswater",12,26,14,False,1041,2010-07-14,
773,758,True,51.51787005,false,-0.201005397,"Westbourne Park Road, Portobello",4,23,19,False,300057,2014-01-08,
774,680,True,51.47768469,false,-0.170329317,"Westbridge Road, Battersea",18,28,10,False,200210,2013-11-05,
775,811,True,51.5057030357,false,-0.0277727426235,"Westferry Circus, Canary Wharf",0,36,36,False,300228,2016-07-26,
776,510,True,51.509303,false,-0.025996,"Westferry DLR, Limehouse",17,41,16,False,200238,,
777,566,True,51.509158,false,-0.224103,"Westfield Ariel Way, White City",26,42,16,False,200141,2012-03-05,
778,591,True,51.506093,false,-0.2242237,"Westfield Library Corner, Shepherd's Bush",25,27,2,False,200227,2012-03-03,
779,571,True,51.506256,false,-0.218337,"Westfield Southern Terrace ,Shepherd's Bush",25,29,4,False,200061,2012-03-01,
780,548,True,51.498386,false,-0.107913,"Westminster Bridge Road, Elephant & Castle",4,26,22,False,200076,,
781,818,True,51.501513,false,-0.12382322,"Westminster Pier, Westminster",7,27,20,False,300249,2019-07-24,
782,257,True,51.52248185,false,-0.154907218,"Westminster University, Marylebone",14,16,2,False,1194,2010-07-21,
783,466,True,51.534464,false,-0.076341,"Whiston Road, Haggerston",15,21,6,False,200158,2012-01-12,
784,229,True,51.50654321,false,-0.123179697,"Whitehall Place, Strand",14,46,30,False,1151,2010-07-20,
785,64,True,51.50946212,false,-0.124749274,"William IV Street, Strand",9,26,16,False,1028,2010-07-10,
786,628,True,51.46881971,false,-0.184318843,"William Morris Way, Sands End",21,26,4,False,200062,2013-10-10,
787,30,True,51.52915444,false,-0.093421615,"Windsor Terrace, Hoxton",16,24,8,False,1029,2010-07-07,
788,127,True,51.51700801,false,-0.09388536,"Wood Street, Guildhall",2,17,15,False,1063,2010-07-15,
789,613,True,51.50403821,false,-0.217400093,"Woodstock Grove, Shepherd's Bush",20,24,2,False,200214,2013-09-26,
790,106,True,51.51410514,false,-0.147301667,"Woodstock Street, Mayfair",6,21,15,False,1042,2010-07-14,
791,649,True,51.48180515,false,-0.18027465,"World's End Place, West Chelsea",19,22,3,False,300009,2013-10-21,
792,217,True,51.51615461,false,-0.082422399,"Wormwood Street, Liverpool Street",0,16,14,False,2587,2010-07-19,
793,175,True,51.521668,false,-0.079608554,"Worship Street, Shoreditch",0,51,51,False,997,2018-06-22,
794,433,True,51.524564,false,-0.116279,"Wren Street, Holborn",5,33,28,False,22169,2011-12-08,
795,157,True,51.50039792,false,-0.193068385,"Wright's Lane, Kensington",2,37,33,False,1094,2010-07-16,
796,829,True,51.469217,false,-0.11268674,"Wynne Road, Stockwell",10,25,15,False,300230,2018-02-01,
797,446,True,51.528936,false,-0.055894,"York Hall, Bethnal Green",23,27,4,False,200042,2012-01-07,
798,836,True,51.541596,false,-0.12544145,"York Way, Kings Cross",13,24,10,False,300235,,
